DEBUG - 2025-06-11 06:59:00 --> Session: Class initialized using 'CodeIgniter\Session\Handlers\FileHandler' driver.
DEBUG - 2025-06-11 06:59:00 --> Session: Class initialized using 'CodeIgniter\Session\Handlers\FileHandler' driver.
DEBUG - 2025-06-11 06:59:48 --> Session: Class initialized using 'CodeIgniter\Session\Handlers\FileHandler' driver.
DEBUG - 2025-06-11 06:59:56 --> Session: Class initialized using 'CodeIgniter\Session\Handlers\FileHandler' driver.
DEBUG - 2025-06-11 07:00:11 --> Session: Class initialized using 'CodeIgniter\Session\Handlers\FileHandler' driver.
DEBUG - 2025-06-11 07:00:20 --> Session: Class initialized using 'CodeIgniter\Session\Handlers\FileHandler' driver.
DEBUG - 2025-06-11 07:00:20 --> Session: Class initialized using 'CodeIgniter\Session\Handlers\FileHandler' driver.
DEBUG - 2025-06-11 07:00:26 --> Session: Class initialized using 'CodeIgniter\Session\Handlers\FileHandler' driver.
DEBUG - 2025-06-11 07:00:29 --> Session: Class initialized using 'CodeIgniter\Session\Handlers\FileHandler' driver.
DEBUG - 2025-06-11 07:07:32 --> Session: Class initialized using 'CodeIgniter\Session\Handlers\FileHandler' driver.
DEBUG - 2025-06-11 07:07:32 --> Session: Class initialized using 'CodeIgniter\Session\Handlers\FileHandler' driver.
DEBUG - 2025-06-11 07:08:05 --> Session: Class initialized using 'CodeIgniter\Session\Handlers\FileHandler' driver.
DEBUG - 2025-06-11 07:08:10 --> Session: Class initialized using 'CodeIgniter\Session\Handlers\FileHandler' driver.
DEBUG - 2025-06-11 07:08:14 --> Session: Class initialized using 'CodeIgniter\Session\Handlers\FileHandler' driver.
ERROR - 2025-06-11 07:08:14 --> mysqli_sql_exception: You have an error in your SQL syntax; check the manual that corresponds to your MariaDB server version for the right syntax to use near ')' at line 6 in C:\xampp\htdocs\registerfx1\system\Database\MySQLi\Connection.php:327
Stack trace:
#0 C:\xampp\htdocs\registerfx1\system\Database\MySQLi\Connection.php(327): mysqli->query('SELECT `event_r...', 0)
#1 C:\xampp\htdocs\registerfx1\system\Database\BaseConnection.php(738): CodeIgniter\Database\MySQLi\Connection->execute('SELECT `event_r...')
#2 C:\xampp\htdocs\registerfx1\system\Database\BaseConnection.php(652): CodeIgniter\Database\BaseConnection->simpleQuery('SELECT `event_r...')
#3 C:\xampp\htdocs\registerfx1\system\Database\BaseBuilder.php(1649): CodeIgniter\Database\BaseConnection->query('SELECT `event_r...', Array, false)
#4 C:\xampp\htdocs\registerfx1\system\Model.php(286): CodeIgniter\Database\BaseBuilder->get()
#5 C:\xampp\htdocs\registerfx1\system\BaseModel.php(675): CodeIgniter\Model->doFindAll(0, 0)
#6 C:\xampp\htdocs\registerfx1\app\Controllers\Event.php(245): CodeIgniter\BaseModel->findAll()
#7 C:\xampp\htdocs\registerfx1\system\CodeIgniter.php(933): App\Controllers\Event->participants()
#8 C:\xampp\htdocs\registerfx1\system\CodeIgniter.php(507): CodeIgniter\CodeIgniter->runController(Object(App\Controllers\Event))
#9 C:\xampp\htdocs\registerfx1\system\CodeIgniter.php(354): CodeIgniter\CodeIgniter->handleRequest(NULL, Object(Config\Cache), false)
#10 C:\xampp\htdocs\registerfx1\system\Boot.php(334): CodeIgniter\CodeIgniter->run()
#11 C:\xampp\htdocs\registerfx1\system\Boot.php(67): CodeIgniter\Boot::runCodeIgniter(Object(CodeIgniter\CodeIgniter))
#12 C:\xampp\htdocs\registerfx1\public\index.php(56): CodeIgniter\Boot::bootWeb(Object(Config\Paths))
#13 C:\xampp\htdocs\registerfx1\system\rewrite.php(44): require_once('C:\\xampp\\htdocs...')
#14 {main}
CRITICAL - 2025-06-11 07:08:14 --> CodeIgniter\Database\Exceptions\DatabaseException: You have an error in your SQL syntax; check the manual that corresponds to your MariaDB server version for the right syntax to use near ')' at line 6
[Method: GET, Route: admin/participants]
in SYSTEMPATH\Database\BaseConnection.php on line 692.
 1 SYSTEMPATH\Database\BaseBuilder.php(1649): CodeIgniter\Database\BaseConnection->query('SELECT `event_registrations`.*, `users`.`full_name`, `users`.`gender`, `users`.`nip`, `users`.`position`, `users`.`phone`, `events`.`name` as `event_name`
FROM `event_registrations`
JOIN `users` ON `users`.`id` = `event_registrations`.`user_id`
JOIN `events` ON `events`.`id` = `event_registrations`.`event_id`
WHERE `event_registrations`.`event_id` = :event_registrations.event_id:
AND `event_registrations`.`id` NOT IN :event_registrations.id:', [...], false)
 2 SYSTEMPATH\Model.php(286): CodeIgniter\Database\BaseBuilder->get()
 3 SYSTEMPATH\BaseModel.php(675): CodeIgniter\Model->doFindAll(0, 0)
 4 APPPATH\Controllers\Event.php(245): CodeIgniter\BaseModel->findAll()
 5 SYSTEMPATH\CodeIgniter.php(933): App\Controllers\Event->participants()
 6 SYSTEMPATH\CodeIgniter.php(507): CodeIgniter\CodeIgniter->runController(Object(App\Controllers\Event))
 7 SYSTEMPATH\CodeIgniter.php(354): CodeIgniter\CodeIgniter->handleRequest(null, Object(Config\Cache), false)
 8 SYSTEMPATH\Boot.php(334): CodeIgniter\CodeIgniter->run()
 9 SYSTEMPATH\Boot.php(67): CodeIgniter\Boot::runCodeIgniter(Object(CodeIgniter\CodeIgniter))
10 FCPATH\index.php(56): CodeIgniter\Boot::bootWeb(Object(Config\Paths))
11 SYSTEMPATH\rewrite.php(44): require_once('C:\\xampp\\htdocs\\registerfx1\\public\\index.php')
CRITICAL - 2025-06-11 07:08:14 --> [Caused by] CodeIgniter\Database\Exceptions\DatabaseException: You have an error in your SQL syntax; check the manual that corresponds to your MariaDB server version for the right syntax to use near ')' at line 6
in SYSTEMPATH\Database\MySQLi\Connection.php on line 332.
 1 SYSTEMPATH\Database\BaseConnection.php(738): CodeIgniter\Database\MySQLi\Connection->execute('SELECT `event_registrations`.*, `users`.`full_name`, `users`.`gender`, `users`.`nip`, `users`.`position`, `users`.`phone`, `events`.`name` as `event_name`
FROM `event_registrations`
JOIN `users` ON `users`.`id` = `event_registrations`.`user_id`
JOIN `events` ON `events`.`id` = `event_registrations`.`event_id`
WHERE `event_registrations`.`event_id` = \'1\'
AND `event_registrations`.`id` NOT IN ()')
 2 SYSTEMPATH\Database\BaseConnection.php(652): CodeIgniter\Database\BaseConnection->simpleQuery('SELECT `event_registrations`.*, `users`.`full_name`, `users`.`gender`, `users`.`nip`, `users`.`position`, `users`.`phone`, `events`.`name` as `event_name`
FROM `event_registrations`
JOIN `users` ON `users`.`id` = `event_registrations`.`user_id`
JOIN `events` ON `events`.`id` = `event_registrations`.`event_id`
WHERE `event_registrations`.`event_id` = \'1\'
AND `event_registrations`.`id` NOT IN ()')
 3 SYSTEMPATH\Database\BaseBuilder.php(1649): CodeIgniter\Database\BaseConnection->query('SELECT `event_registrations`.*, `users`.`full_name`, `users`.`gender`, `users`.`nip`, `users`.`position`, `users`.`phone`, `events`.`name` as `event_name`
FROM `event_registrations`
JOIN `users` ON `users`.`id` = `event_registrations`.`user_id`
JOIN `events` ON `events`.`id` = `event_registrations`.`event_id`
WHERE `event_registrations`.`event_id` = :event_registrations.event_id:
AND `event_registrations`.`id` NOT IN :event_registrations.id:', [...], false)
 4 SYSTEMPATH\Model.php(286): CodeIgniter\Database\BaseBuilder->get()
 5 SYSTEMPATH\BaseModel.php(675): CodeIgniter\Model->doFindAll(0, 0)
 6 APPPATH\Controllers\Event.php(245): CodeIgniter\BaseModel->findAll()
 7 SYSTEMPATH\CodeIgniter.php(933): App\Controllers\Event->participants()
 8 SYSTEMPATH\CodeIgniter.php(507): CodeIgniter\CodeIgniter->runController(Object(App\Controllers\Event))
 9 SYSTEMPATH\CodeIgniter.php(354): CodeIgniter\CodeIgniter->handleRequest(null, Object(Config\Cache), false)
10 SYSTEMPATH\Boot.php(334): CodeIgniter\CodeIgniter->run()
11 SYSTEMPATH\Boot.php(67): CodeIgniter\Boot::runCodeIgniter(Object(CodeIgniter\CodeIgniter))
12 FCPATH\index.php(56): CodeIgniter\Boot::bootWeb(Object(Config\Paths))
13 SYSTEMPATH\rewrite.php(44): require_once('C:\\xampp\\htdocs\\registerfx1\\public\\index.php')
CRITICAL - 2025-06-11 07:08:14 --> [Caused by] mysqli_sql_exception: You have an error in your SQL syntax; check the manual that corresponds to your MariaDB server version for the right syntax to use near ')' at line 6
in SYSTEMPATH\Database\MySQLi\Connection.php on line 327.
 1 SYSTEMPATH\Database\MySQLi\Connection.php(327): mysqli->query('SELECT `event_registrations`.*, `users`.`full_name`, `users`.`gender`, `users`.`nip`, `users`.`position`, `users`.`phone`, `events`.`name` as `event_name`
FROM `event_registrations`
JOIN `users` ON `users`.`id` = `event_registrations`.`user_id`
JOIN `events` ON `events`.`id` = `event_registrations`.`event_id`
WHERE `event_registrations`.`event_id` = \'1\'
AND `event_registrations`.`id` NOT IN ()', 0)
 2 SYSTEMPATH\Database\BaseConnection.php(738): CodeIgniter\Database\MySQLi\Connection->execute('SELECT `event_registrations`.*, `users`.`full_name`, `users`.`gender`, `users`.`nip`, `users`.`position`, `users`.`phone`, `events`.`name` as `event_name`
FROM `event_registrations`
JOIN `users` ON `users`.`id` = `event_registrations`.`user_id`
JOIN `events` ON `events`.`id` = `event_registrations`.`event_id`
WHERE `event_registrations`.`event_id` = \'1\'
AND `event_registrations`.`id` NOT IN ()')
 3 SYSTEMPATH\Database\BaseConnection.php(652): CodeIgniter\Database\BaseConnection->simpleQuery('SELECT `event_registrations`.*, `users`.`full_name`, `users`.`gender`, `users`.`nip`, `users`.`position`, `users`.`phone`, `events`.`name` as `event_name`
FROM `event_registrations`
JOIN `users` ON `users`.`id` = `event_registrations`.`user_id`
JOIN `events` ON `events`.`id` = `event_registrations`.`event_id`
WHERE `event_registrations`.`event_id` = \'1\'
AND `event_registrations`.`id` NOT IN ()')
 4 SYSTEMPATH\Database\BaseBuilder.php(1649): CodeIgniter\Database\BaseConnection->query('SELECT `event_registrations`.*, `users`.`full_name`, `users`.`gender`, `users`.`nip`, `users`.`position`, `users`.`phone`, `events`.`name` as `event_name`
FROM `event_registrations`
JOIN `users` ON `users`.`id` = `event_registrations`.`user_id`
JOIN `events` ON `events`.`id` = `event_registrations`.`event_id`
WHERE `event_registrations`.`event_id` = :event_registrations.event_id:
AND `event_registrations`.`id` NOT IN :event_registrations.id:', [...], false)
 5 SYSTEMPATH\Model.php(286): CodeIgniter\Database\BaseBuilder->get()
 6 SYSTEMPATH\BaseModel.php(675): CodeIgniter\Model->doFindAll(0, 0)
 7 APPPATH\Controllers\Event.php(245): CodeIgniter\BaseModel->findAll()
 8 SYSTEMPATH\CodeIgniter.php(933): App\Controllers\Event->participants()
 9 SYSTEMPATH\CodeIgniter.php(507): CodeIgniter\CodeIgniter->runController(Object(App\Controllers\Event))
10 SYSTEMPATH\CodeIgniter.php(354): CodeIgniter\CodeIgniter->handleRequest(null, Object(Config\Cache), false)
11 SYSTEMPATH\Boot.php(334): CodeIgniter\CodeIgniter->run()
12 SYSTEMPATH\Boot.php(67): CodeIgniter\Boot::runCodeIgniter(Object(CodeIgniter\CodeIgniter))
13 FCPATH\index.php(56): CodeIgniter\Boot::bootWeb(Object(Config\Paths))
14 SYSTEMPATH\rewrite.php(44): require_once('C:\\xampp\\htdocs\\registerfx1\\public\\index.php')
DEBUG - 2025-06-11 07:08:33 --> Session: Class initialized using 'CodeIgniter\Session\Handlers\FileHandler' driver.
ERROR - 2025-06-11 07:08:34 --> mysqli_sql_exception: You have an error in your SQL syntax; check the manual that corresponds to your MariaDB server version for the right syntax to use near ')' at line 6 in C:\xampp\htdocs\registerfx1\system\Database\MySQLi\Connection.php:327
Stack trace:
#0 C:\xampp\htdocs\registerfx1\system\Database\MySQLi\Connection.php(327): mysqli->query('SELECT `event_r...', 0)
#1 C:\xampp\htdocs\registerfx1\system\Database\BaseConnection.php(738): CodeIgniter\Database\MySQLi\Connection->execute('SELECT `event_r...')
#2 C:\xampp\htdocs\registerfx1\system\Database\BaseConnection.php(652): CodeIgniter\Database\BaseConnection->simpleQuery('SELECT `event_r...')
#3 C:\xampp\htdocs\registerfx1\system\Database\BaseBuilder.php(1649): CodeIgniter\Database\BaseConnection->query('SELECT `event_r...', Array, false)
#4 C:\xampp\htdocs\registerfx1\system\Model.php(286): CodeIgniter\Database\BaseBuilder->get()
#5 C:\xampp\htdocs\registerfx1\system\BaseModel.php(675): CodeIgniter\Model->doFindAll(0, 0)
#6 C:\xampp\htdocs\registerfx1\app\Controllers\Event.php(245): CodeIgniter\BaseModel->findAll()
#7 C:\xampp\htdocs\registerfx1\system\CodeIgniter.php(933): App\Controllers\Event->participants()
#8 C:\xampp\htdocs\registerfx1\system\CodeIgniter.php(507): CodeIgniter\CodeIgniter->runController(Object(App\Controllers\Event))
#9 C:\xampp\htdocs\registerfx1\system\CodeIgniter.php(354): CodeIgniter\CodeIgniter->handleRequest(NULL, Object(Config\Cache), false)
#10 C:\xampp\htdocs\registerfx1\system\Boot.php(334): CodeIgniter\CodeIgniter->run()
#11 C:\xampp\htdocs\registerfx1\system\Boot.php(67): CodeIgniter\Boot::runCodeIgniter(Object(CodeIgniter\CodeIgniter))
#12 C:\xampp\htdocs\registerfx1\public\index.php(56): CodeIgniter\Boot::bootWeb(Object(Config\Paths))
#13 C:\xampp\htdocs\registerfx1\system\rewrite.php(44): require_once('C:\\xampp\\htdocs...')
#14 {main}
CRITICAL - 2025-06-11 07:08:34 --> CodeIgniter\Database\Exceptions\DatabaseException: You have an error in your SQL syntax; check the manual that corresponds to your MariaDB server version for the right syntax to use near ')' at line 6
[Method: GET, Route: admin/participants]
in SYSTEMPATH\Database\BaseConnection.php on line 692.
 1 SYSTEMPATH\Database\BaseBuilder.php(1649): CodeIgniter\Database\BaseConnection->query('SELECT `event_registrations`.*, `users`.`full_name`, `users`.`gender`, `users`.`nip`, `users`.`position`, `users`.`phone`, `events`.`name` as `event_name`
FROM `event_registrations`
JOIN `users` ON `users`.`id` = `event_registrations`.`user_id`
JOIN `events` ON `events`.`id` = `event_registrations`.`event_id`
WHERE `event_registrations`.`event_id` = :event_registrations.event_id:
AND `event_registrations`.`id` NOT IN :event_registrations.id:', [...], false)
 2 SYSTEMPATH\Model.php(286): CodeIgniter\Database\BaseBuilder->get()
 3 SYSTEMPATH\BaseModel.php(675): CodeIgniter\Model->doFindAll(0, 0)
 4 APPPATH\Controllers\Event.php(245): CodeIgniter\BaseModel->findAll()
 5 SYSTEMPATH\CodeIgniter.php(933): App\Controllers\Event->participants()
 6 SYSTEMPATH\CodeIgniter.php(507): CodeIgniter\CodeIgniter->runController(Object(App\Controllers\Event))
 7 SYSTEMPATH\CodeIgniter.php(354): CodeIgniter\CodeIgniter->handleRequest(null, Object(Config\Cache), false)
 8 SYSTEMPATH\Boot.php(334): CodeIgniter\CodeIgniter->run()
 9 SYSTEMPATH\Boot.php(67): CodeIgniter\Boot::runCodeIgniter(Object(CodeIgniter\CodeIgniter))
10 FCPATH\index.php(56): CodeIgniter\Boot::bootWeb(Object(Config\Paths))
11 SYSTEMPATH\rewrite.php(44): require_once('C:\\xampp\\htdocs\\registerfx1\\public\\index.php')
CRITICAL - 2025-06-11 07:08:34 --> [Caused by] CodeIgniter\Database\Exceptions\DatabaseException: You have an error in your SQL syntax; check the manual that corresponds to your MariaDB server version for the right syntax to use near ')' at line 6
in SYSTEMPATH\Database\MySQLi\Connection.php on line 332.
 1 SYSTEMPATH\Database\BaseConnection.php(738): CodeIgniter\Database\MySQLi\Connection->execute('SELECT `event_registrations`.*, `users`.`full_name`, `users`.`gender`, `users`.`nip`, `users`.`position`, `users`.`phone`, `events`.`name` as `event_name`
FROM `event_registrations`
JOIN `users` ON `users`.`id` = `event_registrations`.`user_id`
JOIN `events` ON `events`.`id` = `event_registrations`.`event_id`
WHERE `event_registrations`.`event_id` = \'1\'
AND `event_registrations`.`id` NOT IN ()')
 2 SYSTEMPATH\Database\BaseConnection.php(652): CodeIgniter\Database\BaseConnection->simpleQuery('SELECT `event_registrations`.*, `users`.`full_name`, `users`.`gender`, `users`.`nip`, `users`.`position`, `users`.`phone`, `events`.`name` as `event_name`
FROM `event_registrations`
JOIN `users` ON `users`.`id` = `event_registrations`.`user_id`
JOIN `events` ON `events`.`id` = `event_registrations`.`event_id`
WHERE `event_registrations`.`event_id` = \'1\'
AND `event_registrations`.`id` NOT IN ()')
 3 SYSTEMPATH\Database\BaseBuilder.php(1649): CodeIgniter\Database\BaseConnection->query('SELECT `event_registrations`.*, `users`.`full_name`, `users`.`gender`, `users`.`nip`, `users`.`position`, `users`.`phone`, `events`.`name` as `event_name`
FROM `event_registrations`
JOIN `users` ON `users`.`id` = `event_registrations`.`user_id`
JOIN `events` ON `events`.`id` = `event_registrations`.`event_id`
WHERE `event_registrations`.`event_id` = :event_registrations.event_id:
AND `event_registrations`.`id` NOT IN :event_registrations.id:', [...], false)
 4 SYSTEMPATH\Model.php(286): CodeIgniter\Database\BaseBuilder->get()
 5 SYSTEMPATH\BaseModel.php(675): CodeIgniter\Model->doFindAll(0, 0)
 6 APPPATH\Controllers\Event.php(245): CodeIgniter\BaseModel->findAll()
 7 SYSTEMPATH\CodeIgniter.php(933): App\Controllers\Event->participants()
 8 SYSTEMPATH\CodeIgniter.php(507): CodeIgniter\CodeIgniter->runController(Object(App\Controllers\Event))
 9 SYSTEMPATH\CodeIgniter.php(354): CodeIgniter\CodeIgniter->handleRequest(null, Object(Config\Cache), false)
10 SYSTEMPATH\Boot.php(334): CodeIgniter\CodeIgniter->run()
11 SYSTEMPATH\Boot.php(67): CodeIgniter\Boot::runCodeIgniter(Object(CodeIgniter\CodeIgniter))
12 FCPATH\index.php(56): CodeIgniter\Boot::bootWeb(Object(Config\Paths))
13 SYSTEMPATH\rewrite.php(44): require_once('C:\\xampp\\htdocs\\registerfx1\\public\\index.php')
CRITICAL - 2025-06-11 07:08:34 --> [Caused by] mysqli_sql_exception: You have an error in your SQL syntax; check the manual that corresponds to your MariaDB server version for the right syntax to use near ')' at line 6
in SYSTEMPATH\Database\MySQLi\Connection.php on line 327.
 1 SYSTEMPATH\Database\MySQLi\Connection.php(327): mysqli->query('SELECT `event_registrations`.*, `users`.`full_name`, `users`.`gender`, `users`.`nip`, `users`.`position`, `users`.`phone`, `events`.`name` as `event_name`
FROM `event_registrations`
JOIN `users` ON `users`.`id` = `event_registrations`.`user_id`
JOIN `events` ON `events`.`id` = `event_registrations`.`event_id`
WHERE `event_registrations`.`event_id` = \'1\'
AND `event_registrations`.`id` NOT IN ()', 0)
 2 SYSTEMPATH\Database\BaseConnection.php(738): CodeIgniter\Database\MySQLi\Connection->execute('SELECT `event_registrations`.*, `users`.`full_name`, `users`.`gender`, `users`.`nip`, `users`.`position`, `users`.`phone`, `events`.`name` as `event_name`
FROM `event_registrations`
JOIN `users` ON `users`.`id` = `event_registrations`.`user_id`
JOIN `events` ON `events`.`id` = `event_registrations`.`event_id`
WHERE `event_registrations`.`event_id` = \'1\'
AND `event_registrations`.`id` NOT IN ()')
 3 SYSTEMPATH\Database\BaseConnection.php(652): CodeIgniter\Database\BaseConnection->simpleQuery('SELECT `event_registrations`.*, `users`.`full_name`, `users`.`gender`, `users`.`nip`, `users`.`position`, `users`.`phone`, `events`.`name` as `event_name`
FROM `event_registrations`
JOIN `users` ON `users`.`id` = `event_registrations`.`user_id`
JOIN `events` ON `events`.`id` = `event_registrations`.`event_id`
WHERE `event_registrations`.`event_id` = \'1\'
AND `event_registrations`.`id` NOT IN ()')
 4 SYSTEMPATH\Database\BaseBuilder.php(1649): CodeIgniter\Database\BaseConnection->query('SELECT `event_registrations`.*, `users`.`full_name`, `users`.`gender`, `users`.`nip`, `users`.`position`, `users`.`phone`, `events`.`name` as `event_name`
FROM `event_registrations`
JOIN `users` ON `users`.`id` = `event_registrations`.`user_id`
JOIN `events` ON `events`.`id` = `event_registrations`.`event_id`
WHERE `event_registrations`.`event_id` = :event_registrations.event_id:
AND `event_registrations`.`id` NOT IN :event_registrations.id:', [...], false)
 5 SYSTEMPATH\Model.php(286): CodeIgniter\Database\BaseBuilder->get()
 6 SYSTEMPATH\BaseModel.php(675): CodeIgniter\Model->doFindAll(0, 0)
 7 APPPATH\Controllers\Event.php(245): CodeIgniter\BaseModel->findAll()
 8 SYSTEMPATH\CodeIgniter.php(933): App\Controllers\Event->participants()
 9 SYSTEMPATH\CodeIgniter.php(507): CodeIgniter\CodeIgniter->runController(Object(App\Controllers\Event))
10 SYSTEMPATH\CodeIgniter.php(354): CodeIgniter\CodeIgniter->handleRequest(null, Object(Config\Cache), false)
11 SYSTEMPATH\Boot.php(334): CodeIgniter\CodeIgniter->run()
12 SYSTEMPATH\Boot.php(67): CodeIgniter\Boot::runCodeIgniter(Object(CodeIgniter\CodeIgniter))
13 FCPATH\index.php(56): CodeIgniter\Boot::bootWeb(Object(Config\Paths))
14 SYSTEMPATH\rewrite.php(44): require_once('C:\\xampp\\htdocs\\registerfx1\\public\\index.php')
DEBUG - 2025-06-11 07:08:41 --> Session: Class initialized using 'CodeIgniter\Session\Handlers\FileHandler' driver.
DEBUG - 2025-06-11 07:08:45 --> Session: Class initialized using 'CodeIgniter\Session\Handlers\FileHandler' driver.
ERROR - 2025-06-11 07:08:45 --> mysqli_sql_exception: You have an error in your SQL syntax; check the manual that corresponds to your MariaDB server version for the right syntax to use near ')' at line 6 in C:\xampp\htdocs\registerfx1\system\Database\MySQLi\Connection.php:327
Stack trace:
#0 C:\xampp\htdocs\registerfx1\system\Database\MySQLi\Connection.php(327): mysqli->query('SELECT `event_r...', 0)
#1 C:\xampp\htdocs\registerfx1\system\Database\BaseConnection.php(738): CodeIgniter\Database\MySQLi\Connection->execute('SELECT `event_r...')
#2 C:\xampp\htdocs\registerfx1\system\Database\BaseConnection.php(652): CodeIgniter\Database\BaseConnection->simpleQuery('SELECT `event_r...')
#3 C:\xampp\htdocs\registerfx1\system\Database\BaseBuilder.php(1649): CodeIgniter\Database\BaseConnection->query('SELECT `event_r...', Array, false)
#4 C:\xampp\htdocs\registerfx1\system\Model.php(286): CodeIgniter\Database\BaseBuilder->get()
#5 C:\xampp\htdocs\registerfx1\system\BaseModel.php(675): CodeIgniter\Model->doFindAll(0, 0)
#6 C:\xampp\htdocs\registerfx1\app\Controllers\Event.php(245): CodeIgniter\BaseModel->findAll()
#7 C:\xampp\htdocs\registerfx1\system\CodeIgniter.php(933): App\Controllers\Event->participants()
#8 C:\xampp\htdocs\registerfx1\system\CodeIgniter.php(507): CodeIgniter\CodeIgniter->runController(Object(App\Controllers\Event))
#9 C:\xampp\htdocs\registerfx1\system\CodeIgniter.php(354): CodeIgniter\CodeIgniter->handleRequest(NULL, Object(Config\Cache), false)
#10 C:\xampp\htdocs\registerfx1\system\Boot.php(334): CodeIgniter\CodeIgniter->run()
#11 C:\xampp\htdocs\registerfx1\system\Boot.php(67): CodeIgniter\Boot::runCodeIgniter(Object(CodeIgniter\CodeIgniter))
#12 C:\xampp\htdocs\registerfx1\public\index.php(56): CodeIgniter\Boot::bootWeb(Object(Config\Paths))
#13 C:\xampp\htdocs\registerfx1\system\rewrite.php(44): require_once('C:\\xampp\\htdocs...')
#14 {main}
CRITICAL - 2025-06-11 07:08:45 --> CodeIgniter\Database\Exceptions\DatabaseException: You have an error in your SQL syntax; check the manual that corresponds to your MariaDB server version for the right syntax to use near ')' at line 6
[Method: GET, Route: admin/participants]
in SYSTEMPATH\Database\BaseConnection.php on line 692.
 1 SYSTEMPATH\Database\BaseBuilder.php(1649): CodeIgniter\Database\BaseConnection->query('SELECT `event_registrations`.*, `users`.`full_name`, `users`.`gender`, `users`.`nip`, `users`.`position`, `users`.`phone`, `events`.`name` as `event_name`
FROM `event_registrations`
JOIN `users` ON `users`.`id` = `event_registrations`.`user_id`
JOIN `events` ON `events`.`id` = `event_registrations`.`event_id`
WHERE `event_registrations`.`event_id` = :event_registrations.event_id:
AND `event_registrations`.`id` NOT IN :event_registrations.id:', [...], false)
 2 SYSTEMPATH\Model.php(286): CodeIgniter\Database\BaseBuilder->get()
 3 SYSTEMPATH\BaseModel.php(675): CodeIgniter\Model->doFindAll(0, 0)
 4 APPPATH\Controllers\Event.php(245): CodeIgniter\BaseModel->findAll()
 5 SYSTEMPATH\CodeIgniter.php(933): App\Controllers\Event->participants()
 6 SYSTEMPATH\CodeIgniter.php(507): CodeIgniter\CodeIgniter->runController(Object(App\Controllers\Event))
 7 SYSTEMPATH\CodeIgniter.php(354): CodeIgniter\CodeIgniter->handleRequest(null, Object(Config\Cache), false)
 8 SYSTEMPATH\Boot.php(334): CodeIgniter\CodeIgniter->run()
 9 SYSTEMPATH\Boot.php(67): CodeIgniter\Boot::runCodeIgniter(Object(CodeIgniter\CodeIgniter))
10 FCPATH\index.php(56): CodeIgniter\Boot::bootWeb(Object(Config\Paths))
11 SYSTEMPATH\rewrite.php(44): require_once('C:\\xampp\\htdocs\\registerfx1\\public\\index.php')
CRITICAL - 2025-06-11 07:08:45 --> [Caused by] CodeIgniter\Database\Exceptions\DatabaseException: You have an error in your SQL syntax; check the manual that corresponds to your MariaDB server version for the right syntax to use near ')' at line 6
in SYSTEMPATH\Database\MySQLi\Connection.php on line 332.
 1 SYSTEMPATH\Database\BaseConnection.php(738): CodeIgniter\Database\MySQLi\Connection->execute('SELECT `event_registrations`.*, `users`.`full_name`, `users`.`gender`, `users`.`nip`, `users`.`position`, `users`.`phone`, `events`.`name` as `event_name`
FROM `event_registrations`
JOIN `users` ON `users`.`id` = `event_registrations`.`user_id`
JOIN `events` ON `events`.`id` = `event_registrations`.`event_id`
WHERE `event_registrations`.`event_id` = \'2\'
AND `event_registrations`.`id` NOT IN ()')
 2 SYSTEMPATH\Database\BaseConnection.php(652): CodeIgniter\Database\BaseConnection->simpleQuery('SELECT `event_registrations`.*, `users`.`full_name`, `users`.`gender`, `users`.`nip`, `users`.`position`, `users`.`phone`, `events`.`name` as `event_name`
FROM `event_registrations`
JOIN `users` ON `users`.`id` = `event_registrations`.`user_id`
JOIN `events` ON `events`.`id` = `event_registrations`.`event_id`
WHERE `event_registrations`.`event_id` = \'2\'
AND `event_registrations`.`id` NOT IN ()')
 3 SYSTEMPATH\Database\BaseBuilder.php(1649): CodeIgniter\Database\BaseConnection->query('SELECT `event_registrations`.*, `users`.`full_name`, `users`.`gender`, `users`.`nip`, `users`.`position`, `users`.`phone`, `events`.`name` as `event_name`
FROM `event_registrations`
JOIN `users` ON `users`.`id` = `event_registrations`.`user_id`
JOIN `events` ON `events`.`id` = `event_registrations`.`event_id`
WHERE `event_registrations`.`event_id` = :event_registrations.event_id:
AND `event_registrations`.`id` NOT IN :event_registrations.id:', [...], false)
 4 SYSTEMPATH\Model.php(286): CodeIgniter\Database\BaseBuilder->get()
 5 SYSTEMPATH\BaseModel.php(675): CodeIgniter\Model->doFindAll(0, 0)
 6 APPPATH\Controllers\Event.php(245): CodeIgniter\BaseModel->findAll()
 7 SYSTEMPATH\CodeIgniter.php(933): App\Controllers\Event->participants()
 8 SYSTEMPATH\CodeIgniter.php(507): CodeIgniter\CodeIgniter->runController(Object(App\Controllers\Event))
 9 SYSTEMPATH\CodeIgniter.php(354): CodeIgniter\CodeIgniter->handleRequest(null, Object(Config\Cache), false)
10 SYSTEMPATH\Boot.php(334): CodeIgniter\CodeIgniter->run()
11 SYSTEMPATH\Boot.php(67): CodeIgniter\Boot::runCodeIgniter(Object(CodeIgniter\CodeIgniter))
12 FCPATH\index.php(56): CodeIgniter\Boot::bootWeb(Object(Config\Paths))
13 SYSTEMPATH\rewrite.php(44): require_once('C:\\xampp\\htdocs\\registerfx1\\public\\index.php')
CRITICAL - 2025-06-11 07:08:45 --> [Caused by] mysqli_sql_exception: You have an error in your SQL syntax; check the manual that corresponds to your MariaDB server version for the right syntax to use near ')' at line 6
in SYSTEMPATH\Database\MySQLi\Connection.php on line 327.
 1 SYSTEMPATH\Database\MySQLi\Connection.php(327): mysqli->query('SELECT `event_registrations`.*, `users`.`full_name`, `users`.`gender`, `users`.`nip`, `users`.`position`, `users`.`phone`, `events`.`name` as `event_name`
FROM `event_registrations`
JOIN `users` ON `users`.`id` = `event_registrations`.`user_id`
JOIN `events` ON `events`.`id` = `event_registrations`.`event_id`
WHERE `event_registrations`.`event_id` = \'2\'
AND `event_registrations`.`id` NOT IN ()', 0)
 2 SYSTEMPATH\Database\BaseConnection.php(738): CodeIgniter\Database\MySQLi\Connection->execute('SELECT `event_registrations`.*, `users`.`full_name`, `users`.`gender`, `users`.`nip`, `users`.`position`, `users`.`phone`, `events`.`name` as `event_name`
FROM `event_registrations`
JOIN `users` ON `users`.`id` = `event_registrations`.`user_id`
JOIN `events` ON `events`.`id` = `event_registrations`.`event_id`
WHERE `event_registrations`.`event_id` = \'2\'
AND `event_registrations`.`id` NOT IN ()')
 3 SYSTEMPATH\Database\BaseConnection.php(652): CodeIgniter\Database\BaseConnection->simpleQuery('SELECT `event_registrations`.*, `users`.`full_name`, `users`.`gender`, `users`.`nip`, `users`.`position`, `users`.`phone`, `events`.`name` as `event_name`
FROM `event_registrations`
JOIN `users` ON `users`.`id` = `event_registrations`.`user_id`
JOIN `events` ON `events`.`id` = `event_registrations`.`event_id`
WHERE `event_registrations`.`event_id` = \'2\'
AND `event_registrations`.`id` NOT IN ()')
 4 SYSTEMPATH\Database\BaseBuilder.php(1649): CodeIgniter\Database\BaseConnection->query('SELECT `event_registrations`.*, `users`.`full_name`, `users`.`gender`, `users`.`nip`, `users`.`position`, `users`.`phone`, `events`.`name` as `event_name`
FROM `event_registrations`
JOIN `users` ON `users`.`id` = `event_registrations`.`user_id`
JOIN `events` ON `events`.`id` = `event_registrations`.`event_id`
WHERE `event_registrations`.`event_id` = :event_registrations.event_id:
AND `event_registrations`.`id` NOT IN :event_registrations.id:', [...], false)
 5 SYSTEMPATH\Model.php(286): CodeIgniter\Database\BaseBuilder->get()
 6 SYSTEMPATH\BaseModel.php(675): CodeIgniter\Model->doFindAll(0, 0)
 7 APPPATH\Controllers\Event.php(245): CodeIgniter\BaseModel->findAll()
 8 SYSTEMPATH\CodeIgniter.php(933): App\Controllers\Event->participants()
 9 SYSTEMPATH\CodeIgniter.php(507): CodeIgniter\CodeIgniter->runController(Object(App\Controllers\Event))
10 SYSTEMPATH\CodeIgniter.php(354): CodeIgniter\CodeIgniter->handleRequest(null, Object(Config\Cache), false)
11 SYSTEMPATH\Boot.php(334): CodeIgniter\CodeIgniter->run()
12 SYSTEMPATH\Boot.php(67): CodeIgniter\Boot::runCodeIgniter(Object(CodeIgniter\CodeIgniter))
13 FCPATH\index.php(56): CodeIgniter\Boot::bootWeb(Object(Config\Paths))
14 SYSTEMPATH\rewrite.php(44): require_once('C:\\xampp\\htdocs\\registerfx1\\public\\index.php')
DEBUG - 2025-06-11 07:12:29 --> Session: Class initialized using 'CodeIgniter\Session\Handlers\FileHandler' driver.
DEBUG - 2025-06-11 07:12:30 --> Session: Class initialized using 'CodeIgniter\Session\Handlers\FileHandler' driver.
DEBUG - 2025-06-11 07:12:33 --> Session: Class initialized using 'CodeIgniter\Session\Handlers\FileHandler' driver.
DEBUG - 2025-06-11 07:12:36 --> Session: Class initialized using 'CodeIgniter\Session\Handlers\FileHandler' driver.
DEBUG - 2025-06-11 07:12:40 --> Session: Class initialized using 'CodeIgniter\Session\Handlers\FileHandler' driver.
DEBUG - 2025-06-11 07:12:45 --> Session: Class initialized using 'CodeIgniter\Session\Handlers\FileHandler' driver.
DEBUG - 2025-06-11 07:12:47 --> Session: Class initialized using 'CodeIgniter\Session\Handlers\FileHandler' driver.
DEBUG - 2025-06-11 07:12:50 --> Session: Class initialized using 'CodeIgniter\Session\Handlers\FileHandler' driver.
ERROR - 2025-06-11 07:12:50 --> mysqli_sql_exception: You have an error in your SQL syntax; check the manual that corresponds to your MariaDB server version for the right syntax to use near ')' at line 6 in C:\xampp\htdocs\registerfx1\system\Database\MySQLi\Connection.php:327
Stack trace:
#0 C:\xampp\htdocs\registerfx1\system\Database\MySQLi\Connection.php(327): mysqli->query('SELECT `event_r...', 0)
#1 C:\xampp\htdocs\registerfx1\system\Database\BaseConnection.php(738): CodeIgniter\Database\MySQLi\Connection->execute('SELECT `event_r...')
#2 C:\xampp\htdocs\registerfx1\system\Database\BaseConnection.php(652): CodeIgniter\Database\BaseConnection->simpleQuery('SELECT `event_r...')
#3 C:\xampp\htdocs\registerfx1\system\Database\BaseBuilder.php(1649): CodeIgniter\Database\BaseConnection->query('SELECT `event_r...', Array, false)
#4 C:\xampp\htdocs\registerfx1\system\Model.php(286): CodeIgniter\Database\BaseBuilder->get()
#5 C:\xampp\htdocs\registerfx1\system\BaseModel.php(675): CodeIgniter\Model->doFindAll(0, 0)
#6 C:\xampp\htdocs\registerfx1\app\Controllers\Event.php(245): CodeIgniter\BaseModel->findAll()
#7 C:\xampp\htdocs\registerfx1\system\CodeIgniter.php(933): App\Controllers\Event->participants()
#8 C:\xampp\htdocs\registerfx1\system\CodeIgniter.php(507): CodeIgniter\CodeIgniter->runController(Object(App\Controllers\Event))
#9 C:\xampp\htdocs\registerfx1\system\CodeIgniter.php(354): CodeIgniter\CodeIgniter->handleRequest(NULL, Object(Config\Cache), false)
#10 C:\xampp\htdocs\registerfx1\system\Boot.php(334): CodeIgniter\CodeIgniter->run()
#11 C:\xampp\htdocs\registerfx1\system\Boot.php(67): CodeIgniter\Boot::runCodeIgniter(Object(CodeIgniter\CodeIgniter))
#12 C:\xampp\htdocs\registerfx1\public\index.php(56): CodeIgniter\Boot::bootWeb(Object(Config\Paths))
#13 C:\xampp\htdocs\registerfx1\system\rewrite.php(44): require_once('C:\\xampp\\htdocs...')
#14 {main}
CRITICAL - 2025-06-11 07:12:50 --> CodeIgniter\Database\Exceptions\DatabaseException: You have an error in your SQL syntax; check the manual that corresponds to your MariaDB server version for the right syntax to use near ')' at line 6
[Method: GET, Route: admin/participants]
in SYSTEMPATH\Database\BaseConnection.php on line 692.
 1 SYSTEMPATH\Database\BaseBuilder.php(1649): CodeIgniter\Database\BaseConnection->query('SELECT `event_registrations`.*, `users`.`full_name`, `users`.`gender`, `users`.`nip`, `users`.`position`, `users`.`phone`, `events`.`name` as `event_name`
FROM `event_registrations`
JOIN `users` ON `users`.`id` = `event_registrations`.`user_id`
JOIN `events` ON `events`.`id` = `event_registrations`.`event_id`
WHERE `event_registrations`.`event_id` = :event_registrations.event_id:
AND `event_registrations`.`id` NOT IN :event_registrations.id:', [...], false)
 2 SYSTEMPATH\Model.php(286): CodeIgniter\Database\BaseBuilder->get()
 3 SYSTEMPATH\BaseModel.php(675): CodeIgniter\Model->doFindAll(0, 0)
 4 APPPATH\Controllers\Event.php(245): CodeIgniter\BaseModel->findAll()
 5 SYSTEMPATH\CodeIgniter.php(933): App\Controllers\Event->participants()
 6 SYSTEMPATH\CodeIgniter.php(507): CodeIgniter\CodeIgniter->runController(Object(App\Controllers\Event))
 7 SYSTEMPATH\CodeIgniter.php(354): CodeIgniter\CodeIgniter->handleRequest(null, Object(Config\Cache), false)
 8 SYSTEMPATH\Boot.php(334): CodeIgniter\CodeIgniter->run()
 9 SYSTEMPATH\Boot.php(67): CodeIgniter\Boot::runCodeIgniter(Object(CodeIgniter\CodeIgniter))
10 FCPATH\index.php(56): CodeIgniter\Boot::bootWeb(Object(Config\Paths))
11 SYSTEMPATH\rewrite.php(44): require_once('C:\\xampp\\htdocs\\registerfx1\\public\\index.php')
CRITICAL - 2025-06-11 07:12:50 --> [Caused by] CodeIgniter\Database\Exceptions\DatabaseException: You have an error in your SQL syntax; check the manual that corresponds to your MariaDB server version for the right syntax to use near ')' at line 6
in SYSTEMPATH\Database\MySQLi\Connection.php on line 332.
 1 SYSTEMPATH\Database\BaseConnection.php(738): CodeIgniter\Database\MySQLi\Connection->execute('SELECT `event_registrations`.*, `users`.`full_name`, `users`.`gender`, `users`.`nip`, `users`.`position`, `users`.`phone`, `events`.`name` as `event_name`
FROM `event_registrations`
JOIN `users` ON `users`.`id` = `event_registrations`.`user_id`
JOIN `events` ON `events`.`id` = `event_registrations`.`event_id`
WHERE `event_registrations`.`event_id` = \'1\'
AND `event_registrations`.`id` NOT IN ()')
 2 SYSTEMPATH\Database\BaseConnection.php(652): CodeIgniter\Database\BaseConnection->simpleQuery('SELECT `event_registrations`.*, `users`.`full_name`, `users`.`gender`, `users`.`nip`, `users`.`position`, `users`.`phone`, `events`.`name` as `event_name`
FROM `event_registrations`
JOIN `users` ON `users`.`id` = `event_registrations`.`user_id`
JOIN `events` ON `events`.`id` = `event_registrations`.`event_id`
WHERE `event_registrations`.`event_id` = \'1\'
AND `event_registrations`.`id` NOT IN ()')
 3 SYSTEMPATH\Database\BaseBuilder.php(1649): CodeIgniter\Database\BaseConnection->query('SELECT `event_registrations`.*, `users`.`full_name`, `users`.`gender`, `users`.`nip`, `users`.`position`, `users`.`phone`, `events`.`name` as `event_name`
FROM `event_registrations`
JOIN `users` ON `users`.`id` = `event_registrations`.`user_id`
JOIN `events` ON `events`.`id` = `event_registrations`.`event_id`
WHERE `event_registrations`.`event_id` = :event_registrations.event_id:
AND `event_registrations`.`id` NOT IN :event_registrations.id:', [...], false)
 4 SYSTEMPATH\Model.php(286): CodeIgniter\Database\BaseBuilder->get()
 5 SYSTEMPATH\BaseModel.php(675): CodeIgniter\Model->doFindAll(0, 0)
 6 APPPATH\Controllers\Event.php(245): CodeIgniter\BaseModel->findAll()
 7 SYSTEMPATH\CodeIgniter.php(933): App\Controllers\Event->participants()
 8 SYSTEMPATH\CodeIgniter.php(507): CodeIgniter\CodeIgniter->runController(Object(App\Controllers\Event))
 9 SYSTEMPATH\CodeIgniter.php(354): CodeIgniter\CodeIgniter->handleRequest(null, Object(Config\Cache), false)
10 SYSTEMPATH\Boot.php(334): CodeIgniter\CodeIgniter->run()
11 SYSTEMPATH\Boot.php(67): CodeIgniter\Boot::runCodeIgniter(Object(CodeIgniter\CodeIgniter))
12 FCPATH\index.php(56): CodeIgniter\Boot::bootWeb(Object(Config\Paths))
13 SYSTEMPATH\rewrite.php(44): require_once('C:\\xampp\\htdocs\\registerfx1\\public\\index.php')
CRITICAL - 2025-06-11 07:12:50 --> [Caused by] mysqli_sql_exception: You have an error in your SQL syntax; check the manual that corresponds to your MariaDB server version for the right syntax to use near ')' at line 6
in SYSTEMPATH\Database\MySQLi\Connection.php on line 327.
 1 SYSTEMPATH\Database\MySQLi\Connection.php(327): mysqli->query('SELECT `event_registrations`.*, `users`.`full_name`, `users`.`gender`, `users`.`nip`, `users`.`position`, `users`.`phone`, `events`.`name` as `event_name`
FROM `event_registrations`
JOIN `users` ON `users`.`id` = `event_registrations`.`user_id`
JOIN `events` ON `events`.`id` = `event_registrations`.`event_id`
WHERE `event_registrations`.`event_id` = \'1\'
AND `event_registrations`.`id` NOT IN ()', 0)
 2 SYSTEMPATH\Database\BaseConnection.php(738): CodeIgniter\Database\MySQLi\Connection->execute('SELECT `event_registrations`.*, `users`.`full_name`, `users`.`gender`, `users`.`nip`, `users`.`position`, `users`.`phone`, `events`.`name` as `event_name`
FROM `event_registrations`
JOIN `users` ON `users`.`id` = `event_registrations`.`user_id`
JOIN `events` ON `events`.`id` = `event_registrations`.`event_id`
WHERE `event_registrations`.`event_id` = \'1\'
AND `event_registrations`.`id` NOT IN ()')
 3 SYSTEMPATH\Database\BaseConnection.php(652): CodeIgniter\Database\BaseConnection->simpleQuery('SELECT `event_registrations`.*, `users`.`full_name`, `users`.`gender`, `users`.`nip`, `users`.`position`, `users`.`phone`, `events`.`name` as `event_name`
FROM `event_registrations`
JOIN `users` ON `users`.`id` = `event_registrations`.`user_id`
JOIN `events` ON `events`.`id` = `event_registrations`.`event_id`
WHERE `event_registrations`.`event_id` = \'1\'
AND `event_registrations`.`id` NOT IN ()')
 4 SYSTEMPATH\Database\BaseBuilder.php(1649): CodeIgniter\Database\BaseConnection->query('SELECT `event_registrations`.*, `users`.`full_name`, `users`.`gender`, `users`.`nip`, `users`.`position`, `users`.`phone`, `events`.`name` as `event_name`
FROM `event_registrations`
JOIN `users` ON `users`.`id` = `event_registrations`.`user_id`
JOIN `events` ON `events`.`id` = `event_registrations`.`event_id`
WHERE `event_registrations`.`event_id` = :event_registrations.event_id:
AND `event_registrations`.`id` NOT IN :event_registrations.id:', [...], false)
 5 SYSTEMPATH\Model.php(286): CodeIgniter\Database\BaseBuilder->get()
 6 SYSTEMPATH\BaseModel.php(675): CodeIgniter\Model->doFindAll(0, 0)
 7 APPPATH\Controllers\Event.php(245): CodeIgniter\BaseModel->findAll()
 8 SYSTEMPATH\CodeIgniter.php(933): App\Controllers\Event->participants()
 9 SYSTEMPATH\CodeIgniter.php(507): CodeIgniter\CodeIgniter->runController(Object(App\Controllers\Event))
10 SYSTEMPATH\CodeIgniter.php(354): CodeIgniter\CodeIgniter->handleRequest(null, Object(Config\Cache), false)
11 SYSTEMPATH\Boot.php(334): CodeIgniter\CodeIgniter->run()
12 SYSTEMPATH\Boot.php(67): CodeIgniter\Boot::runCodeIgniter(Object(CodeIgniter\CodeIgniter))
13 FCPATH\index.php(56): CodeIgniter\Boot::bootWeb(Object(Config\Paths))
14 SYSTEMPATH\rewrite.php(44): require_once('C:\\xampp\\htdocs\\registerfx1\\public\\index.php')
DEBUG - 2025-06-11 07:13:59 --> Session: Class initialized using 'CodeIgniter\Session\Handlers\FileHandler' driver.
ERROR - 2025-06-11 07:13:59 --> mysqli_sql_exception: You have an error in your SQL syntax; check the manual that corresponds to your MariaDB server version for the right syntax to use near ')' at line 6 in C:\xampp\htdocs\registerfx1\system\Database\MySQLi\Connection.php:327
Stack trace:
#0 C:\xampp\htdocs\registerfx1\system\Database\MySQLi\Connection.php(327): mysqli->query('SELECT `event_r...', 0)
#1 C:\xampp\htdocs\registerfx1\system\Database\BaseConnection.php(738): CodeIgniter\Database\MySQLi\Connection->execute('SELECT `event_r...')
#2 C:\xampp\htdocs\registerfx1\system\Database\BaseConnection.php(652): CodeIgniter\Database\BaseConnection->simpleQuery('SELECT `event_r...')
#3 C:\xampp\htdocs\registerfx1\system\Database\BaseBuilder.php(1649): CodeIgniter\Database\BaseConnection->query('SELECT `event_r...', Array, false)
#4 C:\xampp\htdocs\registerfx1\system\Model.php(286): CodeIgniter\Database\BaseBuilder->get()
#5 C:\xampp\htdocs\registerfx1\system\BaseModel.php(675): CodeIgniter\Model->doFindAll(0, 0)
#6 C:\xampp\htdocs\registerfx1\app\Controllers\Event.php(245): CodeIgniter\BaseModel->findAll()
#7 C:\xampp\htdocs\registerfx1\system\CodeIgniter.php(933): App\Controllers\Event->participants()
#8 C:\xampp\htdocs\registerfx1\system\CodeIgniter.php(507): CodeIgniter\CodeIgniter->runController(Object(App\Controllers\Event))
#9 C:\xampp\htdocs\registerfx1\system\CodeIgniter.php(354): CodeIgniter\CodeIgniter->handleRequest(NULL, Object(Config\Cache), false)
#10 C:\xampp\htdocs\registerfx1\system\Boot.php(334): CodeIgniter\CodeIgniter->run()
#11 C:\xampp\htdocs\registerfx1\system\Boot.php(67): CodeIgniter\Boot::runCodeIgniter(Object(CodeIgniter\CodeIgniter))
#12 C:\xampp\htdocs\registerfx1\public\index.php(56): CodeIgniter\Boot::bootWeb(Object(Config\Paths))
#13 C:\xampp\htdocs\registerfx1\system\rewrite.php(44): require_once('C:\\xampp\\htdocs...')
#14 {main}
CRITICAL - 2025-06-11 07:13:59 --> CodeIgniter\Database\Exceptions\DatabaseException: You have an error in your SQL syntax; check the manual that corresponds to your MariaDB server version for the right syntax to use near ')' at line 6
[Method: GET, Route: admin/participants]
in SYSTEMPATH\Database\BaseConnection.php on line 692.
 1 SYSTEMPATH\Database\BaseBuilder.php(1649): CodeIgniter\Database\BaseConnection->query('SELECT `event_registrations`.*, `users`.`full_name`, `users`.`gender`, `users`.`nip`, `users`.`position`, `users`.`phone`, `events`.`name` as `event_name`, `users`.`dinas`
FROM `event_registrations`
JOIN `users` ON `users`.`id` = `event_registrations`.`user_id`
JOIN `events` ON `events`.`id` = `event_registrations`.`event_id`
WHERE `event_registrations`.`event_id` = :event_registrations.event_id:
AND `event_registrations`.`id` NOT IN :event_registrations.id:', [...], false)
 2 SYSTEMPATH\Model.php(286): CodeIgniter\Database\BaseBuilder->get()
 3 SYSTEMPATH\BaseModel.php(675): CodeIgniter\Model->doFindAll(0, 0)
 4 APPPATH\Controllers\Event.php(245): CodeIgniter\BaseModel->findAll()
 5 SYSTEMPATH\CodeIgniter.php(933): App\Controllers\Event->participants()
 6 SYSTEMPATH\CodeIgniter.php(507): CodeIgniter\CodeIgniter->runController(Object(App\Controllers\Event))
 7 SYSTEMPATH\CodeIgniter.php(354): CodeIgniter\CodeIgniter->handleRequest(null, Object(Config\Cache), false)
 8 SYSTEMPATH\Boot.php(334): CodeIgniter\CodeIgniter->run()
 9 SYSTEMPATH\Boot.php(67): CodeIgniter\Boot::runCodeIgniter(Object(CodeIgniter\CodeIgniter))
10 FCPATH\index.php(56): CodeIgniter\Boot::bootWeb(Object(Config\Paths))
11 SYSTEMPATH\rewrite.php(44): require_once('C:\\xampp\\htdocs\\registerfx1\\public\\index.php')
CRITICAL - 2025-06-11 07:13:59 --> [Caused by] CodeIgniter\Database\Exceptions\DatabaseException: You have an error in your SQL syntax; check the manual that corresponds to your MariaDB server version for the right syntax to use near ')' at line 6
in SYSTEMPATH\Database\MySQLi\Connection.php on line 332.
 1 SYSTEMPATH\Database\BaseConnection.php(738): CodeIgniter\Database\MySQLi\Connection->execute('SELECT `event_registrations`.*, `users`.`full_name`, `users`.`gender`, `users`.`nip`, `users`.`position`, `users`.`phone`, `events`.`name` as `event_name`, `users`.`dinas`
FROM `event_registrations`
JOIN `users` ON `users`.`id` = `event_registrations`.`user_id`
JOIN `events` ON `events`.`id` = `event_registrations`.`event_id`
WHERE `event_registrations`.`event_id` = \'1\'
AND `event_registrations`.`id` NOT IN ()')
 2 SYSTEMPATH\Database\BaseConnection.php(652): CodeIgniter\Database\BaseConnection->simpleQuery('SELECT `event_registrations`.*, `users`.`full_name`, `users`.`gender`, `users`.`nip`, `users`.`position`, `users`.`phone`, `events`.`name` as `event_name`, `users`.`dinas`
FROM `event_registrations`
JOIN `users` ON `users`.`id` = `event_registrations`.`user_id`
JOIN `events` ON `events`.`id` = `event_registrations`.`event_id`
WHERE `event_registrations`.`event_id` = \'1\'
AND `event_registrations`.`id` NOT IN ()')
 3 SYSTEMPATH\Database\BaseBuilder.php(1649): CodeIgniter\Database\BaseConnection->query('SELECT `event_registrations`.*, `users`.`full_name`, `users`.`gender`, `users`.`nip`, `users`.`position`, `users`.`phone`, `events`.`name` as `event_name`, `users`.`dinas`
FROM `event_registrations`
JOIN `users` ON `users`.`id` = `event_registrations`.`user_id`
JOIN `events` ON `events`.`id` = `event_registrations`.`event_id`
WHERE `event_registrations`.`event_id` = :event_registrations.event_id:
AND `event_registrations`.`id` NOT IN :event_registrations.id:', [...], false)
 4 SYSTEMPATH\Model.php(286): CodeIgniter\Database\BaseBuilder->get()
 5 SYSTEMPATH\BaseModel.php(675): CodeIgniter\Model->doFindAll(0, 0)
 6 APPPATH\Controllers\Event.php(245): CodeIgniter\BaseModel->findAll()
 7 SYSTEMPATH\CodeIgniter.php(933): App\Controllers\Event->participants()
 8 SYSTEMPATH\CodeIgniter.php(507): CodeIgniter\CodeIgniter->runController(Object(App\Controllers\Event))
 9 SYSTEMPATH\CodeIgniter.php(354): CodeIgniter\CodeIgniter->handleRequest(null, Object(Config\Cache), false)
10 SYSTEMPATH\Boot.php(334): CodeIgniter\CodeIgniter->run()
11 SYSTEMPATH\Boot.php(67): CodeIgniter\Boot::runCodeIgniter(Object(CodeIgniter\CodeIgniter))
12 FCPATH\index.php(56): CodeIgniter\Boot::bootWeb(Object(Config\Paths))
13 SYSTEMPATH\rewrite.php(44): require_once('C:\\xampp\\htdocs\\registerfx1\\public\\index.php')
CRITICAL - 2025-06-11 07:13:59 --> [Caused by] mysqli_sql_exception: You have an error in your SQL syntax; check the manual that corresponds to your MariaDB server version for the right syntax to use near ')' at line 6
in SYSTEMPATH\Database\MySQLi\Connection.php on line 327.
 1 SYSTEMPATH\Database\MySQLi\Connection.php(327): mysqli->query('SELECT `event_registrations`.*, `users`.`full_name`, `users`.`gender`, `users`.`nip`, `users`.`position`, `users`.`phone`, `events`.`name` as `event_name`, `users`.`dinas`
FROM `event_registrations`
JOIN `users` ON `users`.`id` = `event_registrations`.`user_id`
JOIN `events` ON `events`.`id` = `event_registrations`.`event_id`
WHERE `event_registrations`.`event_id` = \'1\'
AND `event_registrations`.`id` NOT IN ()', 0)
 2 SYSTEMPATH\Database\BaseConnection.php(738): CodeIgniter\Database\MySQLi\Connection->execute('SELECT `event_registrations`.*, `users`.`full_name`, `users`.`gender`, `users`.`nip`, `users`.`position`, `users`.`phone`, `events`.`name` as `event_name`, `users`.`dinas`
FROM `event_registrations`
JOIN `users` ON `users`.`id` = `event_registrations`.`user_id`
JOIN `events` ON `events`.`id` = `event_registrations`.`event_id`
WHERE `event_registrations`.`event_id` = \'1\'
AND `event_registrations`.`id` NOT IN ()')
 3 SYSTEMPATH\Database\BaseConnection.php(652): CodeIgniter\Database\BaseConnection->simpleQuery('SELECT `event_registrations`.*, `users`.`full_name`, `users`.`gender`, `users`.`nip`, `users`.`position`, `users`.`phone`, `events`.`name` as `event_name`, `users`.`dinas`
FROM `event_registrations`
JOIN `users` ON `users`.`id` = `event_registrations`.`user_id`
JOIN `events` ON `events`.`id` = `event_registrations`.`event_id`
WHERE `event_registrations`.`event_id` = \'1\'
AND `event_registrations`.`id` NOT IN ()')
 4 SYSTEMPATH\Database\BaseBuilder.php(1649): CodeIgniter\Database\BaseConnection->query('SELECT `event_registrations`.*, `users`.`full_name`, `users`.`gender`, `users`.`nip`, `users`.`position`, `users`.`phone`, `events`.`name` as `event_name`, `users`.`dinas`
FROM `event_registrations`
JOIN `users` ON `users`.`id` = `event_registrations`.`user_id`
JOIN `events` ON `events`.`id` = `event_registrations`.`event_id`
WHERE `event_registrations`.`event_id` = :event_registrations.event_id:
AND `event_registrations`.`id` NOT IN :event_registrations.id:', [...], false)
 5 SYSTEMPATH\Model.php(286): CodeIgniter\Database\BaseBuilder->get()
 6 SYSTEMPATH\BaseModel.php(675): CodeIgniter\Model->doFindAll(0, 0)
 7 APPPATH\Controllers\Event.php(245): CodeIgniter\BaseModel->findAll()
 8 SYSTEMPATH\CodeIgniter.php(933): App\Controllers\Event->participants()
 9 SYSTEMPATH\CodeIgniter.php(507): CodeIgniter\CodeIgniter->runController(Object(App\Controllers\Event))
10 SYSTEMPATH\CodeIgniter.php(354): CodeIgniter\CodeIgniter->handleRequest(null, Object(Config\Cache), false)
11 SYSTEMPATH\Boot.php(334): CodeIgniter\CodeIgniter->run()
12 SYSTEMPATH\Boot.php(67): CodeIgniter\Boot::runCodeIgniter(Object(CodeIgniter\CodeIgniter))
13 FCPATH\index.php(56): CodeIgniter\Boot::bootWeb(Object(Config\Paths))
14 SYSTEMPATH\rewrite.php(44): require_once('C:\\xampp\\htdocs\\registerfx1\\public\\index.php')
DEBUG - 2025-06-11 07:14:00 --> Session: Class initialized using 'CodeIgniter\Session\Handlers\FileHandler' driver.
ERROR - 2025-06-11 07:14:01 --> mysqli_sql_exception: You have an error in your SQL syntax; check the manual that corresponds to your MariaDB server version for the right syntax to use near ')' at line 6 in C:\xampp\htdocs\registerfx1\system\Database\MySQLi\Connection.php:327
Stack trace:
#0 C:\xampp\htdocs\registerfx1\system\Database\MySQLi\Connection.php(327): mysqli->query('SELECT `event_r...', 0)
#1 C:\xampp\htdocs\registerfx1\system\Database\BaseConnection.php(738): CodeIgniter\Database\MySQLi\Connection->execute('SELECT `event_r...')
#2 C:\xampp\htdocs\registerfx1\system\Database\BaseConnection.php(652): CodeIgniter\Database\BaseConnection->simpleQuery('SELECT `event_r...')
#3 C:\xampp\htdocs\registerfx1\system\Database\BaseBuilder.php(1649): CodeIgniter\Database\BaseConnection->query('SELECT `event_r...', Array, false)
#4 C:\xampp\htdocs\registerfx1\system\Model.php(286): CodeIgniter\Database\BaseBuilder->get()
#5 C:\xampp\htdocs\registerfx1\system\BaseModel.php(675): CodeIgniter\Model->doFindAll(0, 0)
#6 C:\xampp\htdocs\registerfx1\app\Controllers\Event.php(245): CodeIgniter\BaseModel->findAll()
#7 C:\xampp\htdocs\registerfx1\system\CodeIgniter.php(933): App\Controllers\Event->participants()
#8 C:\xampp\htdocs\registerfx1\system\CodeIgniter.php(507): CodeIgniter\CodeIgniter->runController(Object(App\Controllers\Event))
#9 C:\xampp\htdocs\registerfx1\system\CodeIgniter.php(354): CodeIgniter\CodeIgniter->handleRequest(NULL, Object(Config\Cache), false)
#10 C:\xampp\htdocs\registerfx1\system\Boot.php(334): CodeIgniter\CodeIgniter->run()
#11 C:\xampp\htdocs\registerfx1\system\Boot.php(67): CodeIgniter\Boot::runCodeIgniter(Object(CodeIgniter\CodeIgniter))
#12 C:\xampp\htdocs\registerfx1\public\index.php(56): CodeIgniter\Boot::bootWeb(Object(Config\Paths))
#13 C:\xampp\htdocs\registerfx1\system\rewrite.php(44): require_once('C:\\xampp\\htdocs...')
#14 {main}
CRITICAL - 2025-06-11 07:14:01 --> CodeIgniter\Database\Exceptions\DatabaseException: You have an error in your SQL syntax; check the manual that corresponds to your MariaDB server version for the right syntax to use near ')' at line 6
[Method: GET, Route: admin/participants]
in SYSTEMPATH\Database\BaseConnection.php on line 692.
 1 SYSTEMPATH\Database\BaseBuilder.php(1649): CodeIgniter\Database\BaseConnection->query('SELECT `event_registrations`.*, `users`.`full_name`, `users`.`gender`, `users`.`nip`, `users`.`position`, `users`.`phone`, `events`.`name` as `event_name`, `users`.`dinas`
FROM `event_registrations`
JOIN `users` ON `users`.`id` = `event_registrations`.`user_id`
JOIN `events` ON `events`.`id` = `event_registrations`.`event_id`
WHERE `event_registrations`.`event_id` = :event_registrations.event_id:
AND `event_registrations`.`id` NOT IN :event_registrations.id:', [...], false)
 2 SYSTEMPATH\Model.php(286): CodeIgniter\Database\BaseBuilder->get()
 3 SYSTEMPATH\BaseModel.php(675): CodeIgniter\Model->doFindAll(0, 0)
 4 APPPATH\Controllers\Event.php(245): CodeIgniter\BaseModel->findAll()
 5 SYSTEMPATH\CodeIgniter.php(933): App\Controllers\Event->participants()
 6 SYSTEMPATH\CodeIgniter.php(507): CodeIgniter\CodeIgniter->runController(Object(App\Controllers\Event))
 7 SYSTEMPATH\CodeIgniter.php(354): CodeIgniter\CodeIgniter->handleRequest(null, Object(Config\Cache), false)
 8 SYSTEMPATH\Boot.php(334): CodeIgniter\CodeIgniter->run()
 9 SYSTEMPATH\Boot.php(67): CodeIgniter\Boot::runCodeIgniter(Object(CodeIgniter\CodeIgniter))
10 FCPATH\index.php(56): CodeIgniter\Boot::bootWeb(Object(Config\Paths))
11 SYSTEMPATH\rewrite.php(44): require_once('C:\\xampp\\htdocs\\registerfx1\\public\\index.php')
CRITICAL - 2025-06-11 07:14:01 --> [Caused by] CodeIgniter\Database\Exceptions\DatabaseException: You have an error in your SQL syntax; check the manual that corresponds to your MariaDB server version for the right syntax to use near ')' at line 6
in SYSTEMPATH\Database\MySQLi\Connection.php on line 332.
 1 SYSTEMPATH\Database\BaseConnection.php(738): CodeIgniter\Database\MySQLi\Connection->execute('SELECT `event_registrations`.*, `users`.`full_name`, `users`.`gender`, `users`.`nip`, `users`.`position`, `users`.`phone`, `events`.`name` as `event_name`, `users`.`dinas`
FROM `event_registrations`
JOIN `users` ON `users`.`id` = `event_registrations`.`user_id`
JOIN `events` ON `events`.`id` = `event_registrations`.`event_id`
WHERE `event_registrations`.`event_id` = \'1\'
AND `event_registrations`.`id` NOT IN ()')
 2 SYSTEMPATH\Database\BaseConnection.php(652): CodeIgniter\Database\BaseConnection->simpleQuery('SELECT `event_registrations`.*, `users`.`full_name`, `users`.`gender`, `users`.`nip`, `users`.`position`, `users`.`phone`, `events`.`name` as `event_name`, `users`.`dinas`
FROM `event_registrations`
JOIN `users` ON `users`.`id` = `event_registrations`.`user_id`
JOIN `events` ON `events`.`id` = `event_registrations`.`event_id`
WHERE `event_registrations`.`event_id` = \'1\'
AND `event_registrations`.`id` NOT IN ()')
 3 SYSTEMPATH\Database\BaseBuilder.php(1649): CodeIgniter\Database\BaseConnection->query('SELECT `event_registrations`.*, `users`.`full_name`, `users`.`gender`, `users`.`nip`, `users`.`position`, `users`.`phone`, `events`.`name` as `event_name`, `users`.`dinas`
FROM `event_registrations`
JOIN `users` ON `users`.`id` = `event_registrations`.`user_id`
JOIN `events` ON `events`.`id` = `event_registrations`.`event_id`
WHERE `event_registrations`.`event_id` = :event_registrations.event_id:
AND `event_registrations`.`id` NOT IN :event_registrations.id:', [...], false)
 4 SYSTEMPATH\Model.php(286): CodeIgniter\Database\BaseBuilder->get()
 5 SYSTEMPATH\BaseModel.php(675): CodeIgniter\Model->doFindAll(0, 0)
 6 APPPATH\Controllers\Event.php(245): CodeIgniter\BaseModel->findAll()
 7 SYSTEMPATH\CodeIgniter.php(933): App\Controllers\Event->participants()
 8 SYSTEMPATH\CodeIgniter.php(507): CodeIgniter\CodeIgniter->runController(Object(App\Controllers\Event))
 9 SYSTEMPATH\CodeIgniter.php(354): CodeIgniter\CodeIgniter->handleRequest(null, Object(Config\Cache), false)
10 SYSTEMPATH\Boot.php(334): CodeIgniter\CodeIgniter->run()
11 SYSTEMPATH\Boot.php(67): CodeIgniter\Boot::runCodeIgniter(Object(CodeIgniter\CodeIgniter))
12 FCPATH\index.php(56): CodeIgniter\Boot::bootWeb(Object(Config\Paths))
13 SYSTEMPATH\rewrite.php(44): require_once('C:\\xampp\\htdocs\\registerfx1\\public\\index.php')
CRITICAL - 2025-06-11 07:14:01 --> [Caused by] mysqli_sql_exception: You have an error in your SQL syntax; check the manual that corresponds to your MariaDB server version for the right syntax to use near ')' at line 6
in SYSTEMPATH\Database\MySQLi\Connection.php on line 327.
 1 SYSTEMPATH\Database\MySQLi\Connection.php(327): mysqli->query('SELECT `event_registrations`.*, `users`.`full_name`, `users`.`gender`, `users`.`nip`, `users`.`position`, `users`.`phone`, `events`.`name` as `event_name`, `users`.`dinas`
FROM `event_registrations`
JOIN `users` ON `users`.`id` = `event_registrations`.`user_id`
JOIN `events` ON `events`.`id` = `event_registrations`.`event_id`
WHERE `event_registrations`.`event_id` = \'1\'
AND `event_registrations`.`id` NOT IN ()', 0)
 2 SYSTEMPATH\Database\BaseConnection.php(738): CodeIgniter\Database\MySQLi\Connection->execute('SELECT `event_registrations`.*, `users`.`full_name`, `users`.`gender`, `users`.`nip`, `users`.`position`, `users`.`phone`, `events`.`name` as `event_name`, `users`.`dinas`
FROM `event_registrations`
JOIN `users` ON `users`.`id` = `event_registrations`.`user_id`
JOIN `events` ON `events`.`id` = `event_registrations`.`event_id`
WHERE `event_registrations`.`event_id` = \'1\'
AND `event_registrations`.`id` NOT IN ()')
 3 SYSTEMPATH\Database\BaseConnection.php(652): CodeIgniter\Database\BaseConnection->simpleQuery('SELECT `event_registrations`.*, `users`.`full_name`, `users`.`gender`, `users`.`nip`, `users`.`position`, `users`.`phone`, `events`.`name` as `event_name`, `users`.`dinas`
FROM `event_registrations`
JOIN `users` ON `users`.`id` = `event_registrations`.`user_id`
JOIN `events` ON `events`.`id` = `event_registrations`.`event_id`
WHERE `event_registrations`.`event_id` = \'1\'
AND `event_registrations`.`id` NOT IN ()')
 4 SYSTEMPATH\Database\BaseBuilder.php(1649): CodeIgniter\Database\BaseConnection->query('SELECT `event_registrations`.*, `users`.`full_name`, `users`.`gender`, `users`.`nip`, `users`.`position`, `users`.`phone`, `events`.`name` as `event_name`, `users`.`dinas`
FROM `event_registrations`
JOIN `users` ON `users`.`id` = `event_registrations`.`user_id`
JOIN `events` ON `events`.`id` = `event_registrations`.`event_id`
WHERE `event_registrations`.`event_id` = :event_registrations.event_id:
AND `event_registrations`.`id` NOT IN :event_registrations.id:', [...], false)
 5 SYSTEMPATH\Model.php(286): CodeIgniter\Database\BaseBuilder->get()
 6 SYSTEMPATH\BaseModel.php(675): CodeIgniter\Model->doFindAll(0, 0)
 7 APPPATH\Controllers\Event.php(245): CodeIgniter\BaseModel->findAll()
 8 SYSTEMPATH\CodeIgniter.php(933): App\Controllers\Event->participants()
 9 SYSTEMPATH\CodeIgniter.php(507): CodeIgniter\CodeIgniter->runController(Object(App\Controllers\Event))
10 SYSTEMPATH\CodeIgniter.php(354): CodeIgniter\CodeIgniter->handleRequest(null, Object(Config\Cache), false)
11 SYSTEMPATH\Boot.php(334): CodeIgniter\CodeIgniter->run()
12 SYSTEMPATH\Boot.php(67): CodeIgniter\Boot::runCodeIgniter(Object(CodeIgniter\CodeIgniter))
13 FCPATH\index.php(56): CodeIgniter\Boot::bootWeb(Object(Config\Paths))
14 SYSTEMPATH\rewrite.php(44): require_once('C:\\xampp\\htdocs\\registerfx1\\public\\index.php')
DEBUG - 2025-06-11 07:17:28 --> Session: Class initialized using 'CodeIgniter\Session\Handlers\FileHandler' driver.
DEBUG - 2025-06-11 07:17:37 --> Session: Class initialized using 'CodeIgniter\Session\Handlers\FileHandler' driver.
ERROR - 2025-06-11 07:17:38 --> mysqli_sql_exception: You have an error in your SQL syntax; check the manual that corresponds to your MariaDB server version for the right syntax to use near ')' at line 6 in C:\xampp\htdocs\registerfx1\system\Database\MySQLi\Connection.php:327
Stack trace:
#0 C:\xampp\htdocs\registerfx1\system\Database\MySQLi\Connection.php(327): mysqli->query('SELECT `event_r...', 0)
#1 C:\xampp\htdocs\registerfx1\system\Database\BaseConnection.php(738): CodeIgniter\Database\MySQLi\Connection->execute('SELECT `event_r...')
#2 C:\xampp\htdocs\registerfx1\system\Database\BaseConnection.php(652): CodeIgniter\Database\BaseConnection->simpleQuery('SELECT `event_r...')
#3 C:\xampp\htdocs\registerfx1\system\Database\BaseBuilder.php(1649): CodeIgniter\Database\BaseConnection->query('SELECT `event_r...', Array, false)
#4 C:\xampp\htdocs\registerfx1\system\Model.php(286): CodeIgniter\Database\BaseBuilder->get()
#5 C:\xampp\htdocs\registerfx1\system\BaseModel.php(675): CodeIgniter\Model->doFindAll(0, 0)
#6 C:\xampp\htdocs\registerfx1\app\Controllers\Event.php(245): CodeIgniter\BaseModel->findAll()
#7 C:\xampp\htdocs\registerfx1\system\CodeIgniter.php(933): App\Controllers\Event->participants()
#8 C:\xampp\htdocs\registerfx1\system\CodeIgniter.php(507): CodeIgniter\CodeIgniter->runController(Object(App\Controllers\Event))
#9 C:\xampp\htdocs\registerfx1\system\CodeIgniter.php(354): CodeIgniter\CodeIgniter->handleRequest(NULL, Object(Config\Cache), false)
#10 C:\xampp\htdocs\registerfx1\system\Boot.php(334): CodeIgniter\CodeIgniter->run()
#11 C:\xampp\htdocs\registerfx1\system\Boot.php(67): CodeIgniter\Boot::runCodeIgniter(Object(CodeIgniter\CodeIgniter))
#12 C:\xampp\htdocs\registerfx1\public\index.php(56): CodeIgniter\Boot::bootWeb(Object(Config\Paths))
#13 C:\xampp\htdocs\registerfx1\system\rewrite.php(44): require_once('C:\\xampp\\htdocs...')
#14 {main}
CRITICAL - 2025-06-11 07:17:38 --> CodeIgniter\Database\Exceptions\DatabaseException: You have an error in your SQL syntax; check the manual that corresponds to your MariaDB server version for the right syntax to use near ')' at line 6
[Method: GET, Route: admin/participants]
in SYSTEMPATH\Database\BaseConnection.php on line 692.
 1 SYSTEMPATH\Database\BaseBuilder.php(1649): CodeIgniter\Database\BaseConnection->query('SELECT `event_registrations`.*, `users`.`full_name`, `users`.`gender`, `users`.`nip`, `users`.`position`, `users`.`phone`, `events`.`name` as `event_name`, `users`.`dinas`
FROM `event_registrations`
JOIN `users` ON `users`.`id` = `event_registrations`.`user_id`
JOIN `events` ON `events`.`id` = `event_registrations`.`event_id`
WHERE `event_registrations`.`event_id` = :event_registrations.event_id:
AND `event_registrations`.`id` NOT IN :event_registrations.id:', [...], false)
 2 SYSTEMPATH\Model.php(286): CodeIgniter\Database\BaseBuilder->get()
 3 SYSTEMPATH\BaseModel.php(675): CodeIgniter\Model->doFindAll(0, 0)
 4 APPPATH\Controllers\Event.php(245): CodeIgniter\BaseModel->findAll()
 5 SYSTEMPATH\CodeIgniter.php(933): App\Controllers\Event->participants()
 6 SYSTEMPATH\CodeIgniter.php(507): CodeIgniter\CodeIgniter->runController(Object(App\Controllers\Event))
 7 SYSTEMPATH\CodeIgniter.php(354): CodeIgniter\CodeIgniter->handleRequest(null, Object(Config\Cache), false)
 8 SYSTEMPATH\Boot.php(334): CodeIgniter\CodeIgniter->run()
 9 SYSTEMPATH\Boot.php(67): CodeIgniter\Boot::runCodeIgniter(Object(CodeIgniter\CodeIgniter))
10 FCPATH\index.php(56): CodeIgniter\Boot::bootWeb(Object(Config\Paths))
11 SYSTEMPATH\rewrite.php(44): require_once('C:\\xampp\\htdocs\\registerfx1\\public\\index.php')
CRITICAL - 2025-06-11 07:17:38 --> [Caused by] CodeIgniter\Database\Exceptions\DatabaseException: You have an error in your SQL syntax; check the manual that corresponds to your MariaDB server version for the right syntax to use near ')' at line 6
in SYSTEMPATH\Database\MySQLi\Connection.php on line 332.
 1 SYSTEMPATH\Database\BaseConnection.php(738): CodeIgniter\Database\MySQLi\Connection->execute('SELECT `event_registrations`.*, `users`.`full_name`, `users`.`gender`, `users`.`nip`, `users`.`position`, `users`.`phone`, `events`.`name` as `event_name`, `users`.`dinas`
FROM `event_registrations`
JOIN `users` ON `users`.`id` = `event_registrations`.`user_id`
JOIN `events` ON `events`.`id` = `event_registrations`.`event_id`
WHERE `event_registrations`.`event_id` = \'2\'
AND `event_registrations`.`id` NOT IN ()')
 2 SYSTEMPATH\Database\BaseConnection.php(652): CodeIgniter\Database\BaseConnection->simpleQuery('SELECT `event_registrations`.*, `users`.`full_name`, `users`.`gender`, `users`.`nip`, `users`.`position`, `users`.`phone`, `events`.`name` as `event_name`, `users`.`dinas`
FROM `event_registrations`
JOIN `users` ON `users`.`id` = `event_registrations`.`user_id`
JOIN `events` ON `events`.`id` = `event_registrations`.`event_id`
WHERE `event_registrations`.`event_id` = \'2\'
AND `event_registrations`.`id` NOT IN ()')
 3 SYSTEMPATH\Database\BaseBuilder.php(1649): CodeIgniter\Database\BaseConnection->query('SELECT `event_registrations`.*, `users`.`full_name`, `users`.`gender`, `users`.`nip`, `users`.`position`, `users`.`phone`, `events`.`name` as `event_name`, `users`.`dinas`
FROM `event_registrations`
JOIN `users` ON `users`.`id` = `event_registrations`.`user_id`
JOIN `events` ON `events`.`id` = `event_registrations`.`event_id`
WHERE `event_registrations`.`event_id` = :event_registrations.event_id:
AND `event_registrations`.`id` NOT IN :event_registrations.id:', [...], false)
 4 SYSTEMPATH\Model.php(286): CodeIgniter\Database\BaseBuilder->get()
 5 SYSTEMPATH\BaseModel.php(675): CodeIgniter\Model->doFindAll(0, 0)
 6 APPPATH\Controllers\Event.php(245): CodeIgniter\BaseModel->findAll()
 7 SYSTEMPATH\CodeIgniter.php(933): App\Controllers\Event->participants()
 8 SYSTEMPATH\CodeIgniter.php(507): CodeIgniter\CodeIgniter->runController(Object(App\Controllers\Event))
 9 SYSTEMPATH\CodeIgniter.php(354): CodeIgniter\CodeIgniter->handleRequest(null, Object(Config\Cache), false)
10 SYSTEMPATH\Boot.php(334): CodeIgniter\CodeIgniter->run()
11 SYSTEMPATH\Boot.php(67): CodeIgniter\Boot::runCodeIgniter(Object(CodeIgniter\CodeIgniter))
12 FCPATH\index.php(56): CodeIgniter\Boot::bootWeb(Object(Config\Paths))
13 SYSTEMPATH\rewrite.php(44): require_once('C:\\xampp\\htdocs\\registerfx1\\public\\index.php')
CRITICAL - 2025-06-11 07:17:38 --> [Caused by] mysqli_sql_exception: You have an error in your SQL syntax; check the manual that corresponds to your MariaDB server version for the right syntax to use near ')' at line 6
in SYSTEMPATH\Database\MySQLi\Connection.php on line 327.
 1 SYSTEMPATH\Database\MySQLi\Connection.php(327): mysqli->query('SELECT `event_registrations`.*, `users`.`full_name`, `users`.`gender`, `users`.`nip`, `users`.`position`, `users`.`phone`, `events`.`name` as `event_name`, `users`.`dinas`
FROM `event_registrations`
JOIN `users` ON `users`.`id` = `event_registrations`.`user_id`
JOIN `events` ON `events`.`id` = `event_registrations`.`event_id`
WHERE `event_registrations`.`event_id` = \'2\'
AND `event_registrations`.`id` NOT IN ()', 0)
 2 SYSTEMPATH\Database\BaseConnection.php(738): CodeIgniter\Database\MySQLi\Connection->execute('SELECT `event_registrations`.*, `users`.`full_name`, `users`.`gender`, `users`.`nip`, `users`.`position`, `users`.`phone`, `events`.`name` as `event_name`, `users`.`dinas`
FROM `event_registrations`
JOIN `users` ON `users`.`id` = `event_registrations`.`user_id`
JOIN `events` ON `events`.`id` = `event_registrations`.`event_id`
WHERE `event_registrations`.`event_id` = \'2\'
AND `event_registrations`.`id` NOT IN ()')
 3 SYSTEMPATH\Database\BaseConnection.php(652): CodeIgniter\Database\BaseConnection->simpleQuery('SELECT `event_registrations`.*, `users`.`full_name`, `users`.`gender`, `users`.`nip`, `users`.`position`, `users`.`phone`, `events`.`name` as `event_name`, `users`.`dinas`
FROM `event_registrations`
JOIN `users` ON `users`.`id` = `event_registrations`.`user_id`
JOIN `events` ON `events`.`id` = `event_registrations`.`event_id`
WHERE `event_registrations`.`event_id` = \'2\'
AND `event_registrations`.`id` NOT IN ()')
 4 SYSTEMPATH\Database\BaseBuilder.php(1649): CodeIgniter\Database\BaseConnection->query('SELECT `event_registrations`.*, `users`.`full_name`, `users`.`gender`, `users`.`nip`, `users`.`position`, `users`.`phone`, `events`.`name` as `event_name`, `users`.`dinas`
FROM `event_registrations`
JOIN `users` ON `users`.`id` = `event_registrations`.`user_id`
JOIN `events` ON `events`.`id` = `event_registrations`.`event_id`
WHERE `event_registrations`.`event_id` = :event_registrations.event_id:
AND `event_registrations`.`id` NOT IN :event_registrations.id:', [...], false)
 5 SYSTEMPATH\Model.php(286): CodeIgniter\Database\BaseBuilder->get()
 6 SYSTEMPATH\BaseModel.php(675): CodeIgniter\Model->doFindAll(0, 0)
 7 APPPATH\Controllers\Event.php(245): CodeIgniter\BaseModel->findAll()
 8 SYSTEMPATH\CodeIgniter.php(933): App\Controllers\Event->participants()
 9 SYSTEMPATH\CodeIgniter.php(507): CodeIgniter\CodeIgniter->runController(Object(App\Controllers\Event))
10 SYSTEMPATH\CodeIgniter.php(354): CodeIgniter\CodeIgniter->handleRequest(null, Object(Config\Cache), false)
11 SYSTEMPATH\Boot.php(334): CodeIgniter\CodeIgniter->run()
12 SYSTEMPATH\Boot.php(67): CodeIgniter\Boot::runCodeIgniter(Object(CodeIgniter\CodeIgniter))
13 FCPATH\index.php(56): CodeIgniter\Boot::bootWeb(Object(Config\Paths))
14 SYSTEMPATH\rewrite.php(44): require_once('C:\\xampp\\htdocs\\registerfx1\\public\\index.php')
DEBUG - 2025-06-11 07:17:48 --> Session: Class initialized using 'CodeIgniter\Session\Handlers\FileHandler' driver.
DEBUG - 2025-06-11 07:17:57 --> Session: Class initialized using 'CodeIgniter\Session\Handlers\FileHandler' driver.
ERROR - 2025-06-11 07:17:58 --> mysqli_sql_exception: You have an error in your SQL syntax; check the manual that corresponds to your MariaDB server version for the right syntax to use near ')' at line 6 in C:\xampp\htdocs\registerfx1\system\Database\MySQLi\Connection.php:327
Stack trace:
#0 C:\xampp\htdocs\registerfx1\system\Database\MySQLi\Connection.php(327): mysqli->query('SELECT `event_r...', 0)
#1 C:\xampp\htdocs\registerfx1\system\Database\BaseConnection.php(738): CodeIgniter\Database\MySQLi\Connection->execute('SELECT `event_r...')
#2 C:\xampp\htdocs\registerfx1\system\Database\BaseConnection.php(652): CodeIgniter\Database\BaseConnection->simpleQuery('SELECT `event_r...')
#3 C:\xampp\htdocs\registerfx1\system\Database\BaseBuilder.php(1649): CodeIgniter\Database\BaseConnection->query('SELECT `event_r...', Array, false)
#4 C:\xampp\htdocs\registerfx1\system\Model.php(286): CodeIgniter\Database\BaseBuilder->get()
#5 C:\xampp\htdocs\registerfx1\system\BaseModel.php(675): CodeIgniter\Model->doFindAll(0, 0)
#6 C:\xampp\htdocs\registerfx1\app\Controllers\Event.php(245): CodeIgniter\BaseModel->findAll()
#7 C:\xampp\htdocs\registerfx1\system\CodeIgniter.php(933): App\Controllers\Event->participants()
#8 C:\xampp\htdocs\registerfx1\system\CodeIgniter.php(507): CodeIgniter\CodeIgniter->runController(Object(App\Controllers\Event))
#9 C:\xampp\htdocs\registerfx1\system\CodeIgniter.php(354): CodeIgniter\CodeIgniter->handleRequest(NULL, Object(Config\Cache), false)
#10 C:\xampp\htdocs\registerfx1\system\Boot.php(334): CodeIgniter\CodeIgniter->run()
#11 C:\xampp\htdocs\registerfx1\system\Boot.php(67): CodeIgniter\Boot::runCodeIgniter(Object(CodeIgniter\CodeIgniter))
#12 C:\xampp\htdocs\registerfx1\public\index.php(56): CodeIgniter\Boot::bootWeb(Object(Config\Paths))
#13 C:\xampp\htdocs\registerfx1\system\rewrite.php(44): require_once('C:\\xampp\\htdocs...')
#14 {main}
CRITICAL - 2025-06-11 07:17:58 --> CodeIgniter\Database\Exceptions\DatabaseException: You have an error in your SQL syntax; check the manual that corresponds to your MariaDB server version for the right syntax to use near ')' at line 6
[Method: GET, Route: admin/participants]
in SYSTEMPATH\Database\BaseConnection.php on line 692.
 1 SYSTEMPATH\Database\BaseBuilder.php(1649): CodeIgniter\Database\BaseConnection->query('SELECT `event_registrations`.*, `users`.`full_name`, `users`.`gender`, `users`.`nip`, `users`.`position`, `users`.`phone`, `events`.`name` as `event_name`, `users`.`dinas`
FROM `event_registrations`
JOIN `users` ON `users`.`id` = `event_registrations`.`user_id`
JOIN `events` ON `events`.`id` = `event_registrations`.`event_id`
WHERE `event_registrations`.`event_id` = :event_registrations.event_id:
AND `event_registrations`.`id` NOT IN :event_registrations.id:', [...], false)
 2 SYSTEMPATH\Model.php(286): CodeIgniter\Database\BaseBuilder->get()
 3 SYSTEMPATH\BaseModel.php(675): CodeIgniter\Model->doFindAll(0, 0)
 4 APPPATH\Controllers\Event.php(245): CodeIgniter\BaseModel->findAll()
 5 SYSTEMPATH\CodeIgniter.php(933): App\Controllers\Event->participants()
 6 SYSTEMPATH\CodeIgniter.php(507): CodeIgniter\CodeIgniter->runController(Object(App\Controllers\Event))
 7 SYSTEMPATH\CodeIgniter.php(354): CodeIgniter\CodeIgniter->handleRequest(null, Object(Config\Cache), false)
 8 SYSTEMPATH\Boot.php(334): CodeIgniter\CodeIgniter->run()
 9 SYSTEMPATH\Boot.php(67): CodeIgniter\Boot::runCodeIgniter(Object(CodeIgniter\CodeIgniter))
10 FCPATH\index.php(56): CodeIgniter\Boot::bootWeb(Object(Config\Paths))
11 SYSTEMPATH\rewrite.php(44): require_once('C:\\xampp\\htdocs\\registerfx1\\public\\index.php')
CRITICAL - 2025-06-11 07:17:58 --> [Caused by] CodeIgniter\Database\Exceptions\DatabaseException: You have an error in your SQL syntax; check the manual that corresponds to your MariaDB server version for the right syntax to use near ')' at line 6
in SYSTEMPATH\Database\MySQLi\Connection.php on line 332.
 1 SYSTEMPATH\Database\BaseConnection.php(738): CodeIgniter\Database\MySQLi\Connection->execute('SELECT `event_registrations`.*, `users`.`full_name`, `users`.`gender`, `users`.`nip`, `users`.`position`, `users`.`phone`, `events`.`name` as `event_name`, `users`.`dinas`
FROM `event_registrations`
JOIN `users` ON `users`.`id` = `event_registrations`.`user_id`
JOIN `events` ON `events`.`id` = `event_registrations`.`event_id`
WHERE `event_registrations`.`event_id` = \'1\'
AND `event_registrations`.`id` NOT IN ()')
 2 SYSTEMPATH\Database\BaseConnection.php(652): CodeIgniter\Database\BaseConnection->simpleQuery('SELECT `event_registrations`.*, `users`.`full_name`, `users`.`gender`, `users`.`nip`, `users`.`position`, `users`.`phone`, `events`.`name` as `event_name`, `users`.`dinas`
FROM `event_registrations`
JOIN `users` ON `users`.`id` = `event_registrations`.`user_id`
JOIN `events` ON `events`.`id` = `event_registrations`.`event_id`
WHERE `event_registrations`.`event_id` = \'1\'
AND `event_registrations`.`id` NOT IN ()')
 3 SYSTEMPATH\Database\BaseBuilder.php(1649): CodeIgniter\Database\BaseConnection->query('SELECT `event_registrations`.*, `users`.`full_name`, `users`.`gender`, `users`.`nip`, `users`.`position`, `users`.`phone`, `events`.`name` as `event_name`, `users`.`dinas`
FROM `event_registrations`
JOIN `users` ON `users`.`id` = `event_registrations`.`user_id`
JOIN `events` ON `events`.`id` = `event_registrations`.`event_id`
WHERE `event_registrations`.`event_id` = :event_registrations.event_id:
AND `event_registrations`.`id` NOT IN :event_registrations.id:', [...], false)
 4 SYSTEMPATH\Model.php(286): CodeIgniter\Database\BaseBuilder->get()
 5 SYSTEMPATH\BaseModel.php(675): CodeIgniter\Model->doFindAll(0, 0)
 6 APPPATH\Controllers\Event.php(245): CodeIgniter\BaseModel->findAll()
 7 SYSTEMPATH\CodeIgniter.php(933): App\Controllers\Event->participants()
 8 SYSTEMPATH\CodeIgniter.php(507): CodeIgniter\CodeIgniter->runController(Object(App\Controllers\Event))
 9 SYSTEMPATH\CodeIgniter.php(354): CodeIgniter\CodeIgniter->handleRequest(null, Object(Config\Cache), false)
10 SYSTEMPATH\Boot.php(334): CodeIgniter\CodeIgniter->run()
11 SYSTEMPATH\Boot.php(67): CodeIgniter\Boot::runCodeIgniter(Object(CodeIgniter\CodeIgniter))
12 FCPATH\index.php(56): CodeIgniter\Boot::bootWeb(Object(Config\Paths))
13 SYSTEMPATH\rewrite.php(44): require_once('C:\\xampp\\htdocs\\registerfx1\\public\\index.php')
CRITICAL - 2025-06-11 07:17:58 --> [Caused by] mysqli_sql_exception: You have an error in your SQL syntax; check the manual that corresponds to your MariaDB server version for the right syntax to use near ')' at line 6
in SYSTEMPATH\Database\MySQLi\Connection.php on line 327.
 1 SYSTEMPATH\Database\MySQLi\Connection.php(327): mysqli->query('SELECT `event_registrations`.*, `users`.`full_name`, `users`.`gender`, `users`.`nip`, `users`.`position`, `users`.`phone`, `events`.`name` as `event_name`, `users`.`dinas`
FROM `event_registrations`
JOIN `users` ON `users`.`id` = `event_registrations`.`user_id`
JOIN `events` ON `events`.`id` = `event_registrations`.`event_id`
WHERE `event_registrations`.`event_id` = \'1\'
AND `event_registrations`.`id` NOT IN ()', 0)
 2 SYSTEMPATH\Database\BaseConnection.php(738): CodeIgniter\Database\MySQLi\Connection->execute('SELECT `event_registrations`.*, `users`.`full_name`, `users`.`gender`, `users`.`nip`, `users`.`position`, `users`.`phone`, `events`.`name` as `event_name`, `users`.`dinas`
FROM `event_registrations`
JOIN `users` ON `users`.`id` = `event_registrations`.`user_id`
JOIN `events` ON `events`.`id` = `event_registrations`.`event_id`
WHERE `event_registrations`.`event_id` = \'1\'
AND `event_registrations`.`id` NOT IN ()')
 3 SYSTEMPATH\Database\BaseConnection.php(652): CodeIgniter\Database\BaseConnection->simpleQuery('SELECT `event_registrations`.*, `users`.`full_name`, `users`.`gender`, `users`.`nip`, `users`.`position`, `users`.`phone`, `events`.`name` as `event_name`, `users`.`dinas`
FROM `event_registrations`
JOIN `users` ON `users`.`id` = `event_registrations`.`user_id`
JOIN `events` ON `events`.`id` = `event_registrations`.`event_id`
WHERE `event_registrations`.`event_id` = \'1\'
AND `event_registrations`.`id` NOT IN ()')
 4 SYSTEMPATH\Database\BaseBuilder.php(1649): CodeIgniter\Database\BaseConnection->query('SELECT `event_registrations`.*, `users`.`full_name`, `users`.`gender`, `users`.`nip`, `users`.`position`, `users`.`phone`, `events`.`name` as `event_name`, `users`.`dinas`
FROM `event_registrations`
JOIN `users` ON `users`.`id` = `event_registrations`.`user_id`
JOIN `events` ON `events`.`id` = `event_registrations`.`event_id`
WHERE `event_registrations`.`event_id` = :event_registrations.event_id:
AND `event_registrations`.`id` NOT IN :event_registrations.id:', [...], false)
 5 SYSTEMPATH\Model.php(286): CodeIgniter\Database\BaseBuilder->get()
 6 SYSTEMPATH\BaseModel.php(675): CodeIgniter\Model->doFindAll(0, 0)
 7 APPPATH\Controllers\Event.php(245): CodeIgniter\BaseModel->findAll()
 8 SYSTEMPATH\CodeIgniter.php(933): App\Controllers\Event->participants()
 9 SYSTEMPATH\CodeIgniter.php(507): CodeIgniter\CodeIgniter->runController(Object(App\Controllers\Event))
10 SYSTEMPATH\CodeIgniter.php(354): CodeIgniter\CodeIgniter->handleRequest(null, Object(Config\Cache), false)
11 SYSTEMPATH\Boot.php(334): CodeIgniter\CodeIgniter->run()
12 SYSTEMPATH\Boot.php(67): CodeIgniter\Boot::runCodeIgniter(Object(CodeIgniter\CodeIgniter))
13 FCPATH\index.php(56): CodeIgniter\Boot::bootWeb(Object(Config\Paths))
14 SYSTEMPATH\rewrite.php(44): require_once('C:\\xampp\\htdocs\\registerfx1\\public\\index.php')
DEBUG - 2025-06-11 07:28:08 --> Session: Class initialized using 'CodeIgniter\Session\Handlers\FileHandler' driver.
DEBUG - 2025-06-11 07:28:08 --> Session: Class initialized using 'CodeIgniter\Session\Handlers\FileHandler' driver.
DEBUG - 2025-06-11 07:28:12 --> Session: Class initialized using 'CodeIgniter\Session\Handlers\FileHandler' driver.
DEBUG - 2025-06-11 07:28:15 --> Session: Class initialized using 'CodeIgniter\Session\Handlers\FileHandler' driver.
DEBUG - 2025-06-11 07:28:18 --> Session: Class initialized using 'CodeIgniter\Session\Handlers\FileHandler' driver.
DEBUG - 2025-06-11 07:29:17 --> Session: Class initialized using 'CodeIgniter\Session\Handlers\FileHandler' driver.
ERROR - 2025-06-11 07:29:17 --> mysqli_sql_exception: You have an error in your SQL syntax; check the manual that corresponds to your MariaDB server version for the right syntax to use near ')' at line 6 in C:\xampp\htdocs\registerfx1\system\Database\MySQLi\Connection.php:327
Stack trace:
#0 C:\xampp\htdocs\registerfx1\system\Database\MySQLi\Connection.php(327): mysqli->query('SELECT `event_r...', 0)
#1 C:\xampp\htdocs\registerfx1\system\Database\BaseConnection.php(738): CodeIgniter\Database\MySQLi\Connection->execute('SELECT `event_r...')
#2 C:\xampp\htdocs\registerfx1\system\Database\BaseConnection.php(652): CodeIgniter\Database\BaseConnection->simpleQuery('SELECT `event_r...')
#3 C:\xampp\htdocs\registerfx1\system\Database\BaseBuilder.php(1649): CodeIgniter\Database\BaseConnection->query('SELECT `event_r...', Array, false)
#4 C:\xampp\htdocs\registerfx1\system\Model.php(286): CodeIgniter\Database\BaseBuilder->get()
#5 C:\xampp\htdocs\registerfx1\system\BaseModel.php(675): CodeIgniter\Model->doFindAll(0, 0)
#6 C:\xampp\htdocs\registerfx1\app\Controllers\Event.php(245): CodeIgniter\BaseModel->findAll()
#7 C:\xampp\htdocs\registerfx1\system\CodeIgniter.php(933): App\Controllers\Event->participants()
#8 C:\xampp\htdocs\registerfx1\system\CodeIgniter.php(507): CodeIgniter\CodeIgniter->runController(Object(App\Controllers\Event))
#9 C:\xampp\htdocs\registerfx1\system\CodeIgniter.php(354): CodeIgniter\CodeIgniter->handleRequest(NULL, Object(Config\Cache), false)
#10 C:\xampp\htdocs\registerfx1\system\Boot.php(334): CodeIgniter\CodeIgniter->run()
#11 C:\xampp\htdocs\registerfx1\system\Boot.php(67): CodeIgniter\Boot::runCodeIgniter(Object(CodeIgniter\CodeIgniter))
#12 C:\xampp\htdocs\registerfx1\public\index.php(56): CodeIgniter\Boot::bootWeb(Object(Config\Paths))
#13 C:\xampp\htdocs\registerfx1\system\rewrite.php(44): require_once('C:\\xampp\\htdocs...')
#14 {main}
CRITICAL - 2025-06-11 07:29:17 --> CodeIgniter\Database\Exceptions\DatabaseException: You have an error in your SQL syntax; check the manual that corresponds to your MariaDB server version for the right syntax to use near ')' at line 6
[Method: GET, Route: admin/participants]
in SYSTEMPATH\Database\BaseConnection.php on line 692.
 1 SYSTEMPATH\Database\BaseBuilder.php(1649): CodeIgniter\Database\BaseConnection->query('SELECT `event_registrations`.*, `users`.`full_name`, `users`.`gender`, `users`.`nip`, `users`.`position`, `users`.`phone`, `events`.`name` as `event_name`, `users`.`dinas`
FROM `event_registrations`
JOIN `users` ON `users`.`id` = `event_registrations`.`user_id`
JOIN `events` ON `events`.`id` = `event_registrations`.`event_id`
WHERE `event_registrations`.`event_id` = :event_registrations.event_id:
AND `event_registrations`.`id` NOT IN :event_registrations.id:', [...], false)
 2 SYSTEMPATH\Model.php(286): CodeIgniter\Database\BaseBuilder->get()
 3 SYSTEMPATH\BaseModel.php(675): CodeIgniter\Model->doFindAll(0, 0)
 4 APPPATH\Controllers\Event.php(245): CodeIgniter\BaseModel->findAll()
 5 SYSTEMPATH\CodeIgniter.php(933): App\Controllers\Event->participants()
 6 SYSTEMPATH\CodeIgniter.php(507): CodeIgniter\CodeIgniter->runController(Object(App\Controllers\Event))
 7 SYSTEMPATH\CodeIgniter.php(354): CodeIgniter\CodeIgniter->handleRequest(null, Object(Config\Cache), false)
 8 SYSTEMPATH\Boot.php(334): CodeIgniter\CodeIgniter->run()
 9 SYSTEMPATH\Boot.php(67): CodeIgniter\Boot::runCodeIgniter(Object(CodeIgniter\CodeIgniter))
10 FCPATH\index.php(56): CodeIgniter\Boot::bootWeb(Object(Config\Paths))
11 SYSTEMPATH\rewrite.php(44): require_once('C:\\xampp\\htdocs\\registerfx1\\public\\index.php')
CRITICAL - 2025-06-11 07:29:17 --> [Caused by] CodeIgniter\Database\Exceptions\DatabaseException: You have an error in your SQL syntax; check the manual that corresponds to your MariaDB server version for the right syntax to use near ')' at line 6
in SYSTEMPATH\Database\MySQLi\Connection.php on line 332.
 1 SYSTEMPATH\Database\BaseConnection.php(738): CodeIgniter\Database\MySQLi\Connection->execute('SELECT `event_registrations`.*, `users`.`full_name`, `users`.`gender`, `users`.`nip`, `users`.`position`, `users`.`phone`, `events`.`name` as `event_name`, `users`.`dinas`
FROM `event_registrations`
JOIN `users` ON `users`.`id` = `event_registrations`.`user_id`
JOIN `events` ON `events`.`id` = `event_registrations`.`event_id`
WHERE `event_registrations`.`event_id` = \'2\'
AND `event_registrations`.`id` NOT IN ()')
 2 SYSTEMPATH\Database\BaseConnection.php(652): CodeIgniter\Database\BaseConnection->simpleQuery('SELECT `event_registrations`.*, `users`.`full_name`, `users`.`gender`, `users`.`nip`, `users`.`position`, `users`.`phone`, `events`.`name` as `event_name`, `users`.`dinas`
FROM `event_registrations`
JOIN `users` ON `users`.`id` = `event_registrations`.`user_id`
JOIN `events` ON `events`.`id` = `event_registrations`.`event_id`
WHERE `event_registrations`.`event_id` = \'2\'
AND `event_registrations`.`id` NOT IN ()')
 3 SYSTEMPATH\Database\BaseBuilder.php(1649): CodeIgniter\Database\BaseConnection->query('SELECT `event_registrations`.*, `users`.`full_name`, `users`.`gender`, `users`.`nip`, `users`.`position`, `users`.`phone`, `events`.`name` as `event_name`, `users`.`dinas`
FROM `event_registrations`
JOIN `users` ON `users`.`id` = `event_registrations`.`user_id`
JOIN `events` ON `events`.`id` = `event_registrations`.`event_id`
WHERE `event_registrations`.`event_id` = :event_registrations.event_id:
AND `event_registrations`.`id` NOT IN :event_registrations.id:', [...], false)
 4 SYSTEMPATH\Model.php(286): CodeIgniter\Database\BaseBuilder->get()
 5 SYSTEMPATH\BaseModel.php(675): CodeIgniter\Model->doFindAll(0, 0)
 6 APPPATH\Controllers\Event.php(245): CodeIgniter\BaseModel->findAll()
 7 SYSTEMPATH\CodeIgniter.php(933): App\Controllers\Event->participants()
 8 SYSTEMPATH\CodeIgniter.php(507): CodeIgniter\CodeIgniter->runController(Object(App\Controllers\Event))
 9 SYSTEMPATH\CodeIgniter.php(354): CodeIgniter\CodeIgniter->handleRequest(null, Object(Config\Cache), false)
10 SYSTEMPATH\Boot.php(334): CodeIgniter\CodeIgniter->run()
11 SYSTEMPATH\Boot.php(67): CodeIgniter\Boot::runCodeIgniter(Object(CodeIgniter\CodeIgniter))
12 FCPATH\index.php(56): CodeIgniter\Boot::bootWeb(Object(Config\Paths))
13 SYSTEMPATH\rewrite.php(44): require_once('C:\\xampp\\htdocs\\registerfx1\\public\\index.php')
CRITICAL - 2025-06-11 07:29:17 --> [Caused by] mysqli_sql_exception: You have an error in your SQL syntax; check the manual that corresponds to your MariaDB server version for the right syntax to use near ')' at line 6
in SYSTEMPATH\Database\MySQLi\Connection.php on line 327.
 1 SYSTEMPATH\Database\MySQLi\Connection.php(327): mysqli->query('SELECT `event_registrations`.*, `users`.`full_name`, `users`.`gender`, `users`.`nip`, `users`.`position`, `users`.`phone`, `events`.`name` as `event_name`, `users`.`dinas`
FROM `event_registrations`
JOIN `users` ON `users`.`id` = `event_registrations`.`user_id`
JOIN `events` ON `events`.`id` = `event_registrations`.`event_id`
WHERE `event_registrations`.`event_id` = \'2\'
AND `event_registrations`.`id` NOT IN ()', 0)
 2 SYSTEMPATH\Database\BaseConnection.php(738): CodeIgniter\Database\MySQLi\Connection->execute('SELECT `event_registrations`.*, `users`.`full_name`, `users`.`gender`, `users`.`nip`, `users`.`position`, `users`.`phone`, `events`.`name` as `event_name`, `users`.`dinas`
FROM `event_registrations`
JOIN `users` ON `users`.`id` = `event_registrations`.`user_id`
JOIN `events` ON `events`.`id` = `event_registrations`.`event_id`
WHERE `event_registrations`.`event_id` = \'2\'
AND `event_registrations`.`id` NOT IN ()')
 3 SYSTEMPATH\Database\BaseConnection.php(652): CodeIgniter\Database\BaseConnection->simpleQuery('SELECT `event_registrations`.*, `users`.`full_name`, `users`.`gender`, `users`.`nip`, `users`.`position`, `users`.`phone`, `events`.`name` as `event_name`, `users`.`dinas`
FROM `event_registrations`
JOIN `users` ON `users`.`id` = `event_registrations`.`user_id`
JOIN `events` ON `events`.`id` = `event_registrations`.`event_id`
WHERE `event_registrations`.`event_id` = \'2\'
AND `event_registrations`.`id` NOT IN ()')
 4 SYSTEMPATH\Database\BaseBuilder.php(1649): CodeIgniter\Database\BaseConnection->query('SELECT `event_registrations`.*, `users`.`full_name`, `users`.`gender`, `users`.`nip`, `users`.`position`, `users`.`phone`, `events`.`name` as `event_name`, `users`.`dinas`
FROM `event_registrations`
JOIN `users` ON `users`.`id` = `event_registrations`.`user_id`
JOIN `events` ON `events`.`id` = `event_registrations`.`event_id`
WHERE `event_registrations`.`event_id` = :event_registrations.event_id:
AND `event_registrations`.`id` NOT IN :event_registrations.id:', [...], false)
 5 SYSTEMPATH\Model.php(286): CodeIgniter\Database\BaseBuilder->get()
 6 SYSTEMPATH\BaseModel.php(675): CodeIgniter\Model->doFindAll(0, 0)
 7 APPPATH\Controllers\Event.php(245): CodeIgniter\BaseModel->findAll()
 8 SYSTEMPATH\CodeIgniter.php(933): App\Controllers\Event->participants()
 9 SYSTEMPATH\CodeIgniter.php(507): CodeIgniter\CodeIgniter->runController(Object(App\Controllers\Event))
10 SYSTEMPATH\CodeIgniter.php(354): CodeIgniter\CodeIgniter->handleRequest(null, Object(Config\Cache), false)
11 SYSTEMPATH\Boot.php(334): CodeIgniter\CodeIgniter->run()
12 SYSTEMPATH\Boot.php(67): CodeIgniter\Boot::runCodeIgniter(Object(CodeIgniter\CodeIgniter))
13 FCPATH\index.php(56): CodeIgniter\Boot::bootWeb(Object(Config\Paths))
14 SYSTEMPATH\rewrite.php(44): require_once('C:\\xampp\\htdocs\\registerfx1\\public\\index.php')
DEBUG - 2025-06-11 07:30:20 --> Session: Class initialized using 'CodeIgniter\Session\Handlers\FileHandler' driver.
DEBUG - 2025-06-11 07:30:21 --> Session: Class initialized using 'CodeIgniter\Session\Handlers\FileHandler' driver.
DEBUG - 2025-06-11 07:30:36 --> Session: Class initialized using 'CodeIgniter\Session\Handlers\FileHandler' driver.
DEBUG - 2025-06-11 07:30:42 --> Session: Class initialized using 'CodeIgniter\Session\Handlers\FileHandler' driver.
DEBUG - 2025-06-11 07:30:45 --> Session: Class initialized using 'CodeIgniter\Session\Handlers\FileHandler' driver.
DEBUG - 2025-06-11 07:31:57 --> Session: Class initialized using 'CodeIgniter\Session\Handlers\FileHandler' driver.
DEBUG - 2025-06-11 07:32:00 --> Session: Class initialized using 'CodeIgniter\Session\Handlers\FileHandler' driver.
DEBUG - 2025-06-11 07:32:03 --> Session: Class initialized using 'CodeIgniter\Session\Handlers\FileHandler' driver.
DEBUG - 2025-06-11 07:34:53 --> Session: Class initialized using 'CodeIgniter\Session\Handlers\FileHandler' driver.
DEBUG - 2025-06-11 07:34:58 --> Session: Class initialized using 'CodeIgniter\Session\Handlers\FileHandler' driver.
DEBUG - 2025-06-11 07:39:16 --> Session: Class initialized using 'CodeIgniter\Session\Handlers\FileHandler' driver.
DEBUG - 2025-06-11 07:43:15 --> Session: Class initialized using 'CodeIgniter\Session\Handlers\FileHandler' driver.
DEBUG - 2025-06-11 07:43:23 --> Session: Class initialized using 'CodeIgniter\Session\Handlers\FileHandler' driver.
DEBUG - 2025-06-11 07:43:27 --> Session: Class initialized using 'CodeIgniter\Session\Handlers\FileHandler' driver.
DEBUG - 2025-06-11 07:43:35 --> Session: Class initialized using 'CodeIgniter\Session\Handlers\FileHandler' driver.
DEBUG - 2025-06-11 07:50:27 --> Session: Class initialized using 'CodeIgniter\Session\Handlers\FileHandler' driver.
CRITICAL - 2025-06-11 07:50:27 --> ErrorException: Undefined array key "position"
[Method: GET, Route: admin/attendance]
in APPPATH\Views\attendance\attendance_list.php on line 119.
 1 APPPATH\Views\attendance\attendance_list.php(119): CodeIgniter\Debug\Exceptions->errorHandler(2, 'Undefined array key "position"', 'C:\\xampp\\htdocs\\registerfx1\\app\\Views\\attendance\\attendance_list.php', 119)
 2 SYSTEMPATH\View\View.php(224): include('C:\\xampp\\htdocs\\registerfx1\\app\\Views\\attendance\\attendance_list.php')
 3 SYSTEMPATH\View\View.php(227): CodeIgniter\View\View->CodeIgniter\View\{closure}()
 4 SYSTEMPATH\Common.php(1173): CodeIgniter\View\View->render('attendance/attendance_list', [], true)
 5 APPPATH\Controllers\Attendance.php(190): view('attendance/attendance_list', [...])
 6 SYSTEMPATH\CodeIgniter.php(933): App\Controllers\Attendance->attendanceList()
 7 SYSTEMPATH\CodeIgniter.php(507): CodeIgniter\CodeIgniter->runController(Object(App\Controllers\Attendance))
 8 SYSTEMPATH\CodeIgniter.php(354): CodeIgniter\CodeIgniter->handleRequest(null, Object(Config\Cache), false)
 9 SYSTEMPATH\Boot.php(334): CodeIgniter\CodeIgniter->run()
10 SYSTEMPATH\Boot.php(67): CodeIgniter\Boot::runCodeIgniter(Object(CodeIgniter\CodeIgniter))
11 FCPATH\index.php(56): CodeIgniter\Boot::bootWeb(Object(Config\Paths))
12 SYSTEMPATH\rewrite.php(44): require_once('C:\\xampp\\htdocs\\registerfx1\\public\\index.php')
DEBUG - 2025-06-11 07:52:11 --> Session: Class initialized using 'CodeIgniter\Session\Handlers\FileHandler' driver.
DEBUG - 2025-06-11 07:53:03 --> Session: Class initialized using 'CodeIgniter\Session\Handlers\FileHandler' driver.
DEBUG - 2025-06-11 09:06:34 --> Session: Class initialized using 'CodeIgniter\Session\Handlers\FileHandler' driver.
DEBUG - 2025-06-11 09:06:35 --> Session: Class initialized using 'CodeIgniter\Session\Handlers\FileHandler' driver.
DEBUG - 2025-06-11 09:06:46 --> Session: Class initialized using 'CodeIgniter\Session\Handlers\FileHandler' driver.
DEBUG - 2025-06-11 13:34:50 --> Session: Class initialized using 'CodeIgniter\Session\Handlers\FileHandler' driver.
DEBUG - 2025-06-11 13:36:22 --> Session: Class initialized using 'CodeIgniter\Session\Handlers\FileHandler' driver.
DEBUG - 2025-06-11 13:36:38 --> Session: Class initialized using 'CodeIgniter\Session\Handlers\FileHandler' driver.
DEBUG - 2025-06-11 13:36:38 --> Session: Class initialized using 'CodeIgniter\Session\Handlers\FileHandler' driver.
DEBUG - 2025-06-11 13:36:42 --> Session: Class initialized using 'CodeIgniter\Session\Handlers\FileHandler' driver.
DEBUG - 2025-06-11 13:36:51 --> Session: Class initialized using 'CodeIgniter\Session\Handlers\FileHandler' driver.
DEBUG - 2025-06-11 13:37:58 --> Session: Class initialized using 'CodeIgniter\Session\Handlers\FileHandler' driver.
DEBUG - 2025-06-11 13:38:10 --> Session: Class initialized using 'CodeIgniter\Session\Handlers\FileHandler' driver.
DEBUG - 2025-06-11 13:38:15 --> Session: Class initialized using 'CodeIgniter\Session\Handlers\FileHandler' driver.
DEBUG - 2025-06-11 13:40:35 --> Session: Class initialized using 'CodeIgniter\Session\Handlers\FileHandler' driver.
DEBUG - 2025-06-11 13:40:36 --> Session: Class initialized using 'CodeIgniter\Session\Handlers\FileHandler' driver.
DEBUG - 2025-06-11 13:40:56 --> Session: Class initialized using 'CodeIgniter\Session\Handlers\FileHandler' driver.
DEBUG - 2025-06-11 13:40:57 --> Session: Class initialized using 'CodeIgniter\Session\Handlers\FileHandler' driver.
DEBUG - 2025-06-11 13:44:31 --> Session: Class initialized using 'CodeIgniter\Session\Handlers\FileHandler' driver.
DEBUG - 2025-06-11 13:44:32 --> Session: Class initialized using 'CodeIgniter\Session\Handlers\FileHandler' driver.
DEBUG - 2025-06-11 13:48:54 --> Session: Class initialized using 'CodeIgniter\Session\Handlers\FileHandler' driver.
DEBUG - 2025-06-11 13:48:58 --> Session: Class initialized using 'CodeIgniter\Session\Handlers\FileHandler' driver.
DEBUG - 2025-06-11 13:48:58 --> Session: Class initialized using 'CodeIgniter\Session\Handlers\FileHandler' driver.
DEBUG - 2025-06-11 13:49:00 --> Session: Class initialized using 'CodeIgniter\Session\Handlers\FileHandler' driver.
DEBUG - 2025-06-11 13:49:04 --> Session: Class initialized using 'CodeIgniter\Session\Handlers\FileHandler' driver.
DEBUG - 2025-06-11 13:49:04 --> Session: Class initialized using 'CodeIgniter\Session\Handlers\FileHandler' driver.
DEBUG - 2025-06-11 13:49:23 --> Session: Class initialized using 'CodeIgniter\Session\Handlers\FileHandler' driver.
DEBUG - 2025-06-11 13:49:23 --> Session: Class initialized using 'CodeIgniter\Session\Handlers\FileHandler' driver.
DEBUG - 2025-06-11 13:49:41 --> Session: Class initialized using 'CodeIgniter\Session\Handlers\FileHandler' driver.
DEBUG - 2025-06-11 13:49:41 --> Session: Class initialized using 'CodeIgniter\Session\Handlers\FileHandler' driver.
DEBUG - 2025-06-11 13:49:45 --> Session: Class initialized using 'CodeIgniter\Session\Handlers\FileHandler' driver.
DEBUG - 2025-06-11 13:49:45 --> Session: Class initialized using 'CodeIgniter\Session\Handlers\FileHandler' driver.
DEBUG - 2025-06-11 13:51:02 --> Session: Class initialized using 'CodeIgniter\Session\Handlers\FileHandler' driver.
DEBUG - 2025-06-11 13:51:25 --> Session: Class initialized using 'CodeIgniter\Session\Handlers\FileHandler' driver.
DEBUG - 2025-06-11 13:51:44 --> Session: Class initialized using 'CodeIgniter\Session\Handlers\FileHandler' driver.
DEBUG - 2025-06-11 13:54:49 --> Session: Class initialized using 'CodeIgniter\Session\Handlers\FileHandler' driver.
DEBUG - 2025-06-11 13:54:49 --> Session: Class initialized using 'CodeIgniter\Session\Handlers\FileHandler' driver.
DEBUG - 2025-06-11 13:55:05 --> Session: Class initialized using 'CodeIgniter\Session\Handlers\FileHandler' driver.
DEBUG - 2025-06-11 13:55:05 --> Session: Class initialized using 'CodeIgniter\Session\Handlers\FileHandler' driver.
DEBUG - 2025-06-11 13:55:11 --> Session: Class initialized using 'CodeIgniter\Session\Handlers\FileHandler' driver.
DEBUG - 2025-06-11 13:55:11 --> Session: Class initialized using 'CodeIgniter\Session\Handlers\FileHandler' driver.
DEBUG - 2025-06-11 13:55:24 --> Session: Class initialized using 'CodeIgniter\Session\Handlers\FileHandler' driver.
DEBUG - 2025-06-11 13:55:39 --> Session: Class initialized using 'CodeIgniter\Session\Handlers\FileHandler' driver.
DEBUG - 2025-06-11 13:57:16 --> Session: Class initialized using 'CodeIgniter\Session\Handlers\FileHandler' driver.
DEBUG - 2025-06-11 13:57:16 --> Session: Class initialized using 'CodeIgniter\Session\Handlers\FileHandler' driver.
DEBUG - 2025-06-11 13:57:50 --> Session: Class initialized using 'CodeIgniter\Session\Handlers\FileHandler' driver.
DEBUG - 2025-06-11 13:57:51 --> Session: Class initialized using 'CodeIgniter\Session\Handlers\FileHandler' driver.
DEBUG - 2025-06-11 13:58:24 --> Session: Class initialized using 'CodeIgniter\Session\Handlers\FileHandler' driver.
DEBUG - 2025-06-11 13:58:35 --> Session: Class initialized using 'CodeIgniter\Session\Handlers\FileHandler' driver.
DEBUG - 2025-06-11 13:58:35 --> Session: Class initialized using 'CodeIgniter\Session\Handlers\FileHandler' driver.
DEBUG - 2025-06-11 13:59:16 --> Session: Class initialized using 'CodeIgniter\Session\Handlers\FileHandler' driver.
DEBUG - 2025-06-11 13:59:37 --> Session: Class initialized using 'CodeIgniter\Session\Handlers\FileHandler' driver.
DEBUG - 2025-06-11 13:59:37 --> Session: Class initialized using 'CodeIgniter\Session\Handlers\FileHandler' driver.
DEBUG - 2025-06-11 13:59:56 --> Session: Class initialized using 'CodeIgniter\Session\Handlers\FileHandler' driver.
DEBUG - 2025-06-11 13:59:56 --> Session: Class initialized using 'CodeIgniter\Session\Handlers\FileHandler' driver.
DEBUG - 2025-06-11 14:00:05 --> Session: Class initialized using 'CodeIgniter\Session\Handlers\FileHandler' driver.
DEBUG - 2025-06-11 14:00:09 --> Session: Class initialized using 'CodeIgniter\Session\Handlers\FileHandler' driver.
DEBUG - 2025-06-11 14:00:10 --> Session: Class initialized using 'CodeIgniter\Session\Handlers\FileHandler' driver.
DEBUG - 2025-06-11 14:00:13 --> Session: Class initialized using 'CodeIgniter\Session\Handlers\FileHandler' driver.
DEBUG - 2025-06-11 14:00:13 --> Session: Class initialized using 'CodeIgniter\Session\Handlers\FileHandler' driver.
DEBUG - 2025-06-11 14:00:36 --> Session: Class initialized using 'CodeIgniter\Session\Handlers\FileHandler' driver.
DEBUG - 2025-06-11 14:00:36 --> Session: Class initialized using 'CodeIgniter\Session\Handlers\FileHandler' driver.
DEBUG - 2025-06-11 14:00:40 --> Session: Class initialized using 'CodeIgniter\Session\Handlers\FileHandler' driver.
DEBUG - 2025-06-11 14:00:40 --> Session: Class initialized using 'CodeIgniter\Session\Handlers\FileHandler' driver.
DEBUG - 2025-06-11 14:04:18 --> Session: Class initialized using 'CodeIgniter\Session\Handlers\FileHandler' driver.
DEBUG - 2025-06-11 14:04:37 --> Session: Class initialized using 'CodeIgniter\Session\Handlers\FileHandler' driver.
DEBUG - 2025-06-11 14:04:37 --> Session: Class initialized using 'CodeIgniter\Session\Handlers\FileHandler' driver.
DEBUG - 2025-06-11 14:04:56 --> Session: Class initialized using 'CodeIgniter\Session\Handlers\FileHandler' driver.
DEBUG - 2025-06-11 14:04:57 --> Session: Class initialized using 'CodeIgniter\Session\Handlers\FileHandler' driver.
DEBUG - 2025-06-11 14:05:00 --> Session: Class initialized using 'CodeIgniter\Session\Handlers\FileHandler' driver.
DEBUG - 2025-06-11 14:05:00 --> Session: Class initialized using 'CodeIgniter\Session\Handlers\FileHandler' driver.
DEBUG - 2025-06-11 14:05:39 --> Session: Class initialized using 'CodeIgniter\Session\Handlers\FileHandler' driver.
DEBUG - 2025-06-11 14:05:40 --> Session: Class initialized using 'CodeIgniter\Session\Handlers\FileHandler' driver.
DEBUG - 2025-06-11 14:05:44 --> Session: Class initialized using 'CodeIgniter\Session\Handlers\FileHandler' driver.
DEBUG - 2025-06-11 14:05:57 --> Session: Class initialized using 'CodeIgniter\Session\Handlers\FileHandler' driver.
DEBUG - 2025-06-11 14:05:57 --> Session: Class initialized using 'CodeIgniter\Session\Handlers\FileHandler' driver.
DEBUG - 2025-06-11 14:06:00 --> Session: Class initialized using 'CodeIgniter\Session\Handlers\FileHandler' driver.
DEBUG - 2025-06-11 14:06:00 --> Session: Class initialized using 'CodeIgniter\Session\Handlers\FileHandler' driver.
DEBUG - 2025-06-11 14:06:05 --> Session: Class initialized using 'CodeIgniter\Session\Handlers\FileHandler' driver.
DEBUG - 2025-06-11 14:06:05 --> Session: Class initialized using 'CodeIgniter\Session\Handlers\FileHandler' driver.
DEBUG - 2025-06-11 14:06:11 --> Session: Class initialized using 'CodeIgniter\Session\Handlers\FileHandler' driver.
DEBUG - 2025-06-11 14:06:11 --> Session: Class initialized using 'CodeIgniter\Session\Handlers\FileHandler' driver.
DEBUG - 2025-06-11 14:06:19 --> Session: Class initialized using 'CodeIgniter\Session\Handlers\FileHandler' driver.
DEBUG - 2025-06-11 14:06:20 --> Session: Class initialized using 'CodeIgniter\Session\Handlers\FileHandler' driver.
DEBUG - 2025-06-11 14:06:40 --> Session: Class initialized using 'CodeIgniter\Session\Handlers\FileHandler' driver.
DEBUG - 2025-06-11 14:06:40 --> Session: Class initialized using 'CodeIgniter\Session\Handlers\FileHandler' driver.
DEBUG - 2025-06-11 14:07:54 --> Session: Class initialized using 'CodeIgniter\Session\Handlers\FileHandler' driver.
DEBUG - 2025-06-11 14:07:54 --> Session: Class initialized using 'CodeIgniter\Session\Handlers\FileHandler' driver.
DEBUG - 2025-06-11 14:07:58 --> Session: Class initialized using 'CodeIgniter\Session\Handlers\FileHandler' driver.
DEBUG - 2025-06-11 14:07:58 --> Session: Class initialized using 'CodeIgniter\Session\Handlers\FileHandler' driver.
DEBUG - 2025-06-11 14:08:29 --> Session: Class initialized using 'CodeIgniter\Session\Handlers\FileHandler' driver.
DEBUG - 2025-06-11 14:08:29 --> Session: Class initialized using 'CodeIgniter\Session\Handlers\FileHandler' driver.
DEBUG - 2025-06-11 14:08:34 --> Session: Class initialized using 'CodeIgniter\Session\Handlers\FileHandler' driver.
DEBUG - 2025-06-11 14:08:37 --> Session: Class initialized using 'CodeIgniter\Session\Handlers\FileHandler' driver.
DEBUG - 2025-06-11 14:08:41 --> Session: Class initialized using 'CodeIgniter\Session\Handlers\FileHandler' driver.
DEBUG - 2025-06-11 14:08:47 --> Session: Class initialized using 'CodeIgniter\Session\Handlers\FileHandler' driver.
DEBUG - 2025-06-11 14:08:50 --> Session: Class initialized using 'CodeIgniter\Session\Handlers\FileHandler' driver.
DEBUG - 2025-06-11 14:08:52 --> Session: Class initialized using 'CodeIgniter\Session\Handlers\FileHandler' driver.
DEBUG - 2025-06-11 14:08:52 --> Session: Class initialized using 'CodeIgniter\Session\Handlers\FileHandler' driver.
DEBUG - 2025-06-11 14:14:42 --> Session: Class initialized using 'CodeIgniter\Session\Handlers\FileHandler' driver.
DEBUG - 2025-06-11 14:14:46 --> Session: Class initialized using 'CodeIgniter\Session\Handlers\FileHandler' driver.
DEBUG - 2025-06-11 14:14:46 --> Session: Class initialized using 'CodeIgniter\Session\Handlers\FileHandler' driver.
DEBUG - 2025-06-11 14:16:35 --> Session: Class initialized using 'CodeIgniter\Session\Handlers\FileHandler' driver.
DEBUG - 2025-06-11 14:16:38 --> Session: Class initialized using 'CodeIgniter\Session\Handlers\FileHandler' driver.
DEBUG - 2025-06-11 14:16:38 --> Session: Class initialized using 'CodeIgniter\Session\Handlers\FileHandler' driver.
DEBUG - 2025-06-11 14:16:42 --> Session: Class initialized using 'CodeIgniter\Session\Handlers\FileHandler' driver.
DEBUG - 2025-06-11 14:16:43 --> Session: Class initialized using 'CodeIgniter\Session\Handlers\FileHandler' driver.
DEBUG - 2025-06-11 14:19:08 --> Session: Class initialized using 'CodeIgniter\Session\Handlers\FileHandler' driver.
DEBUG - 2025-06-11 14:19:10 --> Session: Class initialized using 'CodeIgniter\Session\Handlers\FileHandler' driver.
DEBUG - 2025-06-11 14:19:10 --> Session: Class initialized using 'CodeIgniter\Session\Handlers\FileHandler' driver.
DEBUG - 2025-06-11 14:19:14 --> Session: Class initialized using 'CodeIgniter\Session\Handlers\FileHandler' driver.
DEBUG - 2025-06-11 14:19:14 --> Session: Class initialized using 'CodeIgniter\Session\Handlers\FileHandler' driver.
DEBUG - 2025-06-11 14:19:27 --> Session: Class initialized using 'CodeIgniter\Session\Handlers\FileHandler' driver.
DEBUG - 2025-06-11 14:19:31 --> Session: Class initialized using 'CodeIgniter\Session\Handlers\FileHandler' driver.
DEBUG - 2025-06-11 14:19:31 --> Session: Class initialized using 'CodeIgniter\Session\Handlers\FileHandler' driver.
DEBUG - 2025-06-11 14:19:46 --> Session: Class initialized using 'CodeIgniter\Session\Handlers\FileHandler' driver.
DEBUG - 2025-06-11 14:19:47 --> Session: Class initialized using 'CodeIgniter\Session\Handlers\FileHandler' driver.
DEBUG - 2025-06-11 14:19:54 --> Session: Class initialized using 'CodeIgniter\Session\Handlers\FileHandler' driver.
DEBUG - 2025-06-11 14:19:54 --> Session: Class initialized using 'CodeIgniter\Session\Handlers\FileHandler' driver.
DEBUG - 2025-06-11 14:22:42 --> Session: Class initialized using 'CodeIgniter\Session\Handlers\FileHandler' driver.
DEBUG - 2025-06-11 14:22:45 --> Session: Class initialized using 'CodeIgniter\Session\Handlers\FileHandler' driver.
DEBUG - 2025-06-11 14:22:45 --> Session: Class initialized using 'CodeIgniter\Session\Handlers\FileHandler' driver.
DEBUG - 2025-06-11 14:22:49 --> Session: Class initialized using 'CodeIgniter\Session\Handlers\FileHandler' driver.
DEBUG - 2025-06-11 14:22:50 --> Session: Class initialized using 'CodeIgniter\Session\Handlers\FileHandler' driver.
DEBUG - 2025-06-11 14:23:15 --> Session: Class initialized using 'CodeIgniter\Session\Handlers\FileHandler' driver.
DEBUG - 2025-06-11 14:23:24 --> Session: Class initialized using 'CodeIgniter\Session\Handlers\FileHandler' driver.
DEBUG - 2025-06-11 14:23:24 --> Session: Class initialized using 'CodeIgniter\Session\Handlers\FileHandler' driver.
DEBUG - 2025-06-11 14:23:35 --> Session: Class initialized using 'CodeIgniter\Session\Handlers\FileHandler' driver.
DEBUG - 2025-06-11 14:23:35 --> Session: Class initialized using 'CodeIgniter\Session\Handlers\FileHandler' driver.
DEBUG - 2025-06-11 14:23:44 --> Session: Class initialized using 'CodeIgniter\Session\Handlers\FileHandler' driver.
DEBUG - 2025-06-11 14:23:53 --> Session: Class initialized using 'CodeIgniter\Session\Handlers\FileHandler' driver.
DEBUG - 2025-06-11 14:23:53 --> Session: Class initialized using 'CodeIgniter\Session\Handlers\FileHandler' driver.
DEBUG - 2025-06-11 14:23:56 --> Session: Class initialized using 'CodeIgniter\Session\Handlers\FileHandler' driver.
DEBUG - 2025-06-11 14:23:58 --> Session: Class initialized using 'CodeIgniter\Session\Handlers\FileHandler' driver.
DEBUG - 2025-06-11 14:24:16 --> Session: Class initialized using 'CodeIgniter\Session\Handlers\FileHandler' driver.
DEBUG - 2025-06-11 14:24:16 --> Session: Class initialized using 'CodeIgniter\Session\Handlers\FileHandler' driver.
DEBUG - 2025-06-11 14:31:16 --> Session: Class initialized using 'CodeIgniter\Session\Handlers\FileHandler' driver.
DEBUG - 2025-06-11 14:31:21 --> Session: Class initialized using 'CodeIgniter\Session\Handlers\FileHandler' driver.
DEBUG - 2025-06-11 14:31:21 --> Session: Class initialized using 'CodeIgniter\Session\Handlers\FileHandler' driver.
DEBUG - 2025-06-11 14:31:26 --> Session: Class initialized using 'CodeIgniter\Session\Handlers\FileHandler' driver.
DEBUG - 2025-06-11 14:31:30 --> Session: Class initialized using 'CodeIgniter\Session\Handlers\FileHandler' driver.
DEBUG - 2025-06-11 14:31:39 --> Session: Class initialized using 'CodeIgniter\Session\Handlers\FileHandler' driver.
DEBUG - 2025-06-11 14:31:40 --> Session: Class initialized using 'CodeIgniter\Session\Handlers\FileHandler' driver.
DEBUG - 2025-06-11 14:31:44 --> Session: Class initialized using 'CodeIgniter\Session\Handlers\FileHandler' driver.
DEBUG - 2025-06-11 14:31:44 --> Session: Class initialized using 'CodeIgniter\Session\Handlers\FileHandler' driver.
DEBUG - 2025-06-11 14:31:47 --> Session: Class initialized using 'CodeIgniter\Session\Handlers\FileHandler' driver.
DEBUG - 2025-06-11 14:31:47 --> Session: Class initialized using 'CodeIgniter\Session\Handlers\FileHandler' driver.
DEBUG - 2025-06-11 14:31:54 --> Session: Class initialized using 'CodeIgniter\Session\Handlers\FileHandler' driver.
DEBUG - 2025-06-11 14:31:55 --> Session: Class initialized using 'CodeIgniter\Session\Handlers\FileHandler' driver.
DEBUG - 2025-06-11 14:31:59 --> Session: Class initialized using 'CodeIgniter\Session\Handlers\FileHandler' driver.
DEBUG - 2025-06-11 14:31:59 --> Session: Class initialized using 'CodeIgniter\Session\Handlers\FileHandler' driver.
DEBUG - 2025-06-11 14:34:49 --> Session: Class initialized using 'CodeIgniter\Session\Handlers\FileHandler' driver.
DEBUG - 2025-06-11 14:34:49 --> Session: Class initialized using 'CodeIgniter\Session\Handlers\FileHandler' driver.
DEBUG - 2025-06-11 14:34:50 --> Session: Class initialized using 'CodeIgniter\Session\Handlers\FileHandler' driver.
DEBUG - 2025-06-11 14:34:51 --> Session: Class initialized using 'CodeIgniter\Session\Handlers\FileHandler' driver.
DEBUG - 2025-06-11 14:34:59 --> Session: Class initialized using 'CodeIgniter\Session\Handlers\FileHandler' driver.
DEBUG - 2025-06-11 14:35:00 --> Session: Class initialized using 'CodeIgniter\Session\Handlers\FileHandler' driver.
DEBUG - 2025-06-11 14:35:05 --> Session: Class initialized using 'CodeIgniter\Session\Handlers\FileHandler' driver.
DEBUG - 2025-06-11 14:35:05 --> Session: Class initialized using 'CodeIgniter\Session\Handlers\FileHandler' driver.
DEBUG - 2025-06-11 14:35:09 --> Session: Class initialized using 'CodeIgniter\Session\Handlers\FileHandler' driver.
DEBUG - 2025-06-11 14:35:09 --> Session: Class initialized using 'CodeIgniter\Session\Handlers\FileHandler' driver.
DEBUG - 2025-06-11 14:35:19 --> Session: Class initialized using 'CodeIgniter\Session\Handlers\FileHandler' driver.
DEBUG - 2025-06-11 14:35:19 --> Session: Class initialized using 'CodeIgniter\Session\Handlers\FileHandler' driver.
DEBUG - 2025-06-11 14:35:34 --> Session: Class initialized using 'CodeIgniter\Session\Handlers\FileHandler' driver.
DEBUG - 2025-06-11 14:37:17 --> Session: Class initialized using 'CodeIgniter\Session\Handlers\FileHandler' driver.
DEBUG - 2025-06-11 14:37:17 --> Session: Class initialized using 'CodeIgniter\Session\Handlers\FileHandler' driver.
DEBUG - 2025-06-11 14:38:43 --> Session: Class initialized using 'CodeIgniter\Session\Handlers\FileHandler' driver.
DEBUG - 2025-06-11 14:38:43 --> Session: Class initialized using 'CodeIgniter\Session\Handlers\FileHandler' driver.
DEBUG - 2025-06-11 14:39:05 --> Session: Class initialized using 'CodeIgniter\Session\Handlers\FileHandler' driver.
DEBUG - 2025-06-11 14:39:05 --> Session: Class initialized using 'CodeIgniter\Session\Handlers\FileHandler' driver.
DEBUG - 2025-06-11 14:39:07 --> Session: Class initialized using 'CodeIgniter\Session\Handlers\FileHandler' driver.
DEBUG - 2025-06-11 14:39:10 --> Session: Class initialized using 'CodeIgniter\Session\Handlers\FileHandler' driver.
DEBUG - 2025-06-11 14:39:11 --> Session: Class initialized using 'CodeIgniter\Session\Handlers\FileHandler' driver.
DEBUG - 2025-06-11 14:39:13 --> Session: Class initialized using 'CodeIgniter\Session\Handlers\FileHandler' driver.
DEBUG - 2025-06-11 14:39:13 --> Session: Class initialized using 'CodeIgniter\Session\Handlers\FileHandler' driver.
DEBUG - 2025-06-11 14:39:49 --> Session: Class initialized using 'CodeIgniter\Session\Handlers\FileHandler' driver.
DEBUG - 2025-06-11 14:39:49 --> Session: Class initialized using 'CodeIgniter\Session\Handlers\FileHandler' driver.
DEBUG - 2025-06-11 14:39:53 --> Session: Class initialized using 'CodeIgniter\Session\Handlers\FileHandler' driver.
DEBUG - 2025-06-11 14:39:58 --> Session: Class initialized using 'CodeIgniter\Session\Handlers\FileHandler' driver.
DEBUG - 2025-06-11 14:40:06 --> Session: Class initialized using 'CodeIgniter\Session\Handlers\FileHandler' driver.
DEBUG - 2025-06-11 14:40:06 --> Session: Class initialized using 'CodeIgniter\Session\Handlers\FileHandler' driver.
DEBUG - 2025-06-11 14:40:17 --> Session: Class initialized using 'CodeIgniter\Session\Handlers\FileHandler' driver.
DEBUG - 2025-06-11 14:40:31 --> Session: Class initialized using 'CodeIgniter\Session\Handlers\FileHandler' driver.
DEBUG - 2025-06-11 14:40:31 --> Session: Class initialized using 'CodeIgniter\Session\Handlers\FileHandler' driver.
DEBUG - 2025-06-11 14:41:33 --> Session: Class initialized using 'CodeIgniter\Session\Handlers\FileHandler' driver.
DEBUG - 2025-06-11 14:41:33 --> Session: Class initialized using 'CodeIgniter\Session\Handlers\FileHandler' driver.
DEBUG - 2025-06-11 14:41:36 --> Session: Class initialized using 'CodeIgniter\Session\Handlers\FileHandler' driver.
DEBUG - 2025-06-11 14:41:38 --> Session: Class initialized using 'CodeIgniter\Session\Handlers\FileHandler' driver.
DEBUG - 2025-06-11 14:41:42 --> Session: Class initialized using 'CodeIgniter\Session\Handlers\FileHandler' driver.
DEBUG - 2025-06-11 14:41:52 --> Session: Class initialized using 'CodeIgniter\Session\Handlers\FileHandler' driver.
DEBUG - 2025-06-11 14:42:02 --> Session: Class initialized using 'CodeIgniter\Session\Handlers\FileHandler' driver.
DEBUG - 2025-06-11 14:42:07 --> Session: Class initialized using 'CodeIgniter\Session\Handlers\FileHandler' driver.
DEBUG - 2025-06-11 14:42:10 --> Session: Class initialized using 'CodeIgniter\Session\Handlers\FileHandler' driver.
DEBUG - 2025-06-11 14:42:18 --> Session: Class initialized using 'CodeIgniter\Session\Handlers\FileHandler' driver.
DEBUG - 2025-06-11 14:42:22 --> Session: Class initialized using 'CodeIgniter\Session\Handlers\FileHandler' driver.
DEBUG - 2025-06-11 14:42:26 --> Session: Class initialized using 'CodeIgniter\Session\Handlers\FileHandler' driver.
DEBUG - 2025-06-11 14:42:26 --> Session: Class initialized using 'CodeIgniter\Session\Handlers\FileHandler' driver.
