DEBUG - 2025-05-07 04:41:43 --> Session: Class initialized using 'CodeIgniter\Session\Handlers\FileHandler' driver.
DEBUG - 2025-05-07 04:41:44 --> Session: Class initialized using 'CodeIgniter\Session\Handlers\FileHandler' driver.
DEBUG - 2025-05-07 04:43:03 --> Session: Class initialized using 'CodeIgniter\Session\Handlers\FileHandler' driver.
DEBUG - 2025-05-07 04:43:04 --> Session: Class initialized using 'CodeIgniter\Session\Handlers\FileHandler' driver.
DEBUG - 2025-05-07 04:43:13 --> Session: Class initialized using 'CodeIgniter\Session\Handlers\FileHandler' driver.
DEBUG - 2025-05-07 04:43:14 --> Session: Class initialized using 'CodeIgniter\Session\Handlers\FileHandler' driver.
DEBUG - 2025-05-07 04:43:29 --> Session: Class initialized using 'CodeIgniter\Session\Handlers\FileHandler' driver.
DEBUG - 2025-05-07 04:43:29 --> Session: Class initialized using 'CodeIgniter\Session\Handlers\FileHandler' driver.
DEBUG - 2025-05-07 04:43:32 --> Session: Class initialized using 'CodeIgniter\Session\Handlers\FileHandler' driver.
DEBUG - 2025-05-07 04:43:44 --> Session: Class initialized using 'CodeIgniter\Session\Handlers\FileHandler' driver.
DEBUG - 2025-05-07 04:43:44 --> Session: Class initialized using 'CodeIgniter\Session\Handlers\FileHandler' driver.
DEBUG - 2025-05-07 04:43:49 --> Session: Class initialized using 'CodeIgniter\Session\Handlers\FileHandler' driver.
DEBUG - 2025-05-07 04:43:52 --> Session: Class initialized using 'CodeIgniter\Session\Handlers\FileHandler' driver.
DEBUG - 2025-05-07 04:44:45 --> Session: Class initialized using 'CodeIgniter\Session\Handlers\FileHandler' driver.
DEBUG - 2025-05-07 04:44:47 --> Session: Class initialized using 'CodeIgniter\Session\Handlers\FileHandler' driver.
DEBUG - 2025-05-07 04:44:50 --> Session: Class initialized using 'CodeIgniter\Session\Handlers\FileHandler' driver.
DEBUG - 2025-05-07 04:45:02 --> Session: Class initialized using 'CodeIgniter\Session\Handlers\FileHandler' driver.
DEBUG - 2025-05-07 04:45:03 --> Session: Class initialized using 'CodeIgniter\Session\Handlers\FileHandler' driver.
CRITICAL - 2025-05-07 04:47:41 --> Error: Class "App\Controllers\EventAttendanceModel" not found
[Method: POST, Route: event/scanQr]
in APPPATH\Controllers\Event.php on line 277.
 1 SYSTEMPATH\CodeIgniter.php(933): App\Controllers\Event->scanQr()
 2 SYSTEMPATH\CodeIgniter.php(507): CodeIgniter\CodeIgniter->runController(Object(App\Controllers\Event))
 3 SYSTEMPATH\CodeIgniter.php(354): CodeIgniter\CodeIgniter->handleRequest(null, Object(Config\Cache), false)
 4 SYSTEMPATH\Boot.php(334): CodeIgniter\CodeIgniter->run()
 5 SYSTEMPATH\Boot.php(67): CodeIgniter\Boot::runCodeIgniter(Object(CodeIgniter\CodeIgniter))
 6 FCPATH\index.php(56): CodeIgniter\Boot::bootWeb(Object(Config\Paths))
 7 SYSTEMPATH\rewrite.php(44): require_once('C:\\xampp\\htdocs\\register\\public\\index.php')
CRITICAL - 2025-05-07 04:47:41 --> Error: Class "App\Controllers\EventAttendanceModel" not found
[Method: POST, Route: event/scanQr]
in APPPATH\Controllers\Event.php on line 277.
 1 SYSTEMPATH\CodeIgniter.php(933): App\Controllers\Event->scanQr()
 2 SYSTEMPATH\CodeIgniter.php(507): CodeIgniter\CodeIgniter->runController(Object(App\Controllers\Event))
 3 SYSTEMPATH\CodeIgniter.php(354): CodeIgniter\CodeIgniter->handleRequest(null, Object(Config\Cache), false)
 4 SYSTEMPATH\Boot.php(334): CodeIgniter\CodeIgniter->run()
 5 SYSTEMPATH\Boot.php(67): CodeIgniter\Boot::runCodeIgniter(Object(CodeIgniter\CodeIgniter))
 6 FCPATH\index.php(56): CodeIgniter\Boot::bootWeb(Object(Config\Paths))
 7 SYSTEMPATH\rewrite.php(44): require_once('C:\\xampp\\htdocs\\register\\public\\index.php')
CRITICAL - 2025-05-07 04:47:42 --> Error: Class "App\Controllers\EventAttendanceModel" not found
[Method: POST, Route: event/scanQr]
in APPPATH\Controllers\Event.php on line 277.
 1 SYSTEMPATH\CodeIgniter.php(933): App\Controllers\Event->scanQr()
 2 SYSTEMPATH\CodeIgniter.php(507): CodeIgniter\CodeIgniter->runController(Object(App\Controllers\Event))
 3 SYSTEMPATH\CodeIgniter.php(354): CodeIgniter\CodeIgniter->handleRequest(null, Object(Config\Cache), false)
 4 SYSTEMPATH\Boot.php(334): CodeIgniter\CodeIgniter->run()
 5 SYSTEMPATH\Boot.php(67): CodeIgniter\Boot::runCodeIgniter(Object(CodeIgniter\CodeIgniter))
 6 FCPATH\index.php(56): CodeIgniter\Boot::bootWeb(Object(Config\Paths))
 7 SYSTEMPATH\rewrite.php(44): require_once('C:\\xampp\\htdocs\\register\\public\\index.php')
CRITICAL - 2025-05-07 04:47:42 --> Error: Class "App\Controllers\EventAttendanceModel" not found
[Method: POST, Route: event/scanQr]
in APPPATH\Controllers\Event.php on line 277.
 1 SYSTEMPATH\CodeIgniter.php(933): App\Controllers\Event->scanQr()
 2 SYSTEMPATH\CodeIgniter.php(507): CodeIgniter\CodeIgniter->runController(Object(App\Controllers\Event))
 3 SYSTEMPATH\CodeIgniter.php(354): CodeIgniter\CodeIgniter->handleRequest(null, Object(Config\Cache), false)
 4 SYSTEMPATH\Boot.php(334): CodeIgniter\CodeIgniter->run()
 5 SYSTEMPATH\Boot.php(67): CodeIgniter\Boot::runCodeIgniter(Object(CodeIgniter\CodeIgniter))
 6 FCPATH\index.php(56): CodeIgniter\Boot::bootWeb(Object(Config\Paths))
 7 SYSTEMPATH\rewrite.php(44): require_once('C:\\xampp\\htdocs\\register\\public\\index.php')
CRITICAL - 2025-05-07 04:47:42 --> Error: Class "App\Controllers\EventAttendanceModel" not found
[Method: POST, Route: event/scanQr]
in APPPATH\Controllers\Event.php on line 277.
 1 SYSTEMPATH\CodeIgniter.php(933): App\Controllers\Event->scanQr()
 2 SYSTEMPATH\CodeIgniter.php(507): CodeIgniter\CodeIgniter->runController(Object(App\Controllers\Event))
 3 SYSTEMPATH\CodeIgniter.php(354): CodeIgniter\CodeIgniter->handleRequest(null, Object(Config\Cache), false)
 4 SYSTEMPATH\Boot.php(334): CodeIgniter\CodeIgniter->run()
 5 SYSTEMPATH\Boot.php(67): CodeIgniter\Boot::runCodeIgniter(Object(CodeIgniter\CodeIgniter))
 6 FCPATH\index.php(56): CodeIgniter\Boot::bootWeb(Object(Config\Paths))
 7 SYSTEMPATH\rewrite.php(44): require_once('C:\\xampp\\htdocs\\register\\public\\index.php')
CRITICAL - 2025-05-07 04:47:43 --> Error: Class "App\Controllers\EventAttendanceModel" not found
[Method: POST, Route: event/scanQr]
in APPPATH\Controllers\Event.php on line 277.
 1 SYSTEMPATH\CodeIgniter.php(933): App\Controllers\Event->scanQr()
 2 SYSTEMPATH\CodeIgniter.php(507): CodeIgniter\CodeIgniter->runController(Object(App\Controllers\Event))
 3 SYSTEMPATH\CodeIgniter.php(354): CodeIgniter\CodeIgniter->handleRequest(null, Object(Config\Cache), false)
 4 SYSTEMPATH\Boot.php(334): CodeIgniter\CodeIgniter->run()
 5 SYSTEMPATH\Boot.php(67): CodeIgniter\Boot::runCodeIgniter(Object(CodeIgniter\CodeIgniter))
 6 FCPATH\index.php(56): CodeIgniter\Boot::bootWeb(Object(Config\Paths))
 7 SYSTEMPATH\rewrite.php(44): require_once('C:\\xampp\\htdocs\\register\\public\\index.php')
CRITICAL - 2025-05-07 04:47:43 --> Error: Class "App\Controllers\EventAttendanceModel" not found
[Method: POST, Route: event/scanQr]
in APPPATH\Controllers\Event.php on line 277.
 1 SYSTEMPATH\CodeIgniter.php(933): App\Controllers\Event->scanQr()
 2 SYSTEMPATH\CodeIgniter.php(507): CodeIgniter\CodeIgniter->runController(Object(App\Controllers\Event))
 3 SYSTEMPATH\CodeIgniter.php(354): CodeIgniter\CodeIgniter->handleRequest(null, Object(Config\Cache), false)
 4 SYSTEMPATH\Boot.php(334): CodeIgniter\CodeIgniter->run()
 5 SYSTEMPATH\Boot.php(67): CodeIgniter\Boot::runCodeIgniter(Object(CodeIgniter\CodeIgniter))
 6 FCPATH\index.php(56): CodeIgniter\Boot::bootWeb(Object(Config\Paths))
 7 SYSTEMPATH\rewrite.php(44): require_once('C:\\xampp\\htdocs\\register\\public\\index.php')
CRITICAL - 2025-05-07 04:47:43 --> Error: Class "App\Controllers\EventAttendanceModel" not found
[Method: POST, Route: event/scanQr]
in APPPATH\Controllers\Event.php on line 277.
 1 SYSTEMPATH\CodeIgniter.php(933): App\Controllers\Event->scanQr()
 2 SYSTEMPATH\CodeIgniter.php(507): CodeIgniter\CodeIgniter->runController(Object(App\Controllers\Event))
 3 SYSTEMPATH\CodeIgniter.php(354): CodeIgniter\CodeIgniter->handleRequest(null, Object(Config\Cache), false)
 4 SYSTEMPATH\Boot.php(334): CodeIgniter\CodeIgniter->run()
 5 SYSTEMPATH\Boot.php(67): CodeIgniter\Boot::runCodeIgniter(Object(CodeIgniter\CodeIgniter))
 6 FCPATH\index.php(56): CodeIgniter\Boot::bootWeb(Object(Config\Paths))
 7 SYSTEMPATH\rewrite.php(44): require_once('C:\\xampp\\htdocs\\register\\public\\index.php')
CRITICAL - 2025-05-07 04:47:44 --> Error: Class "App\Controllers\EventAttendanceModel" not found
[Method: POST, Route: event/scanQr]
in APPPATH\Controllers\Event.php on line 277.
 1 SYSTEMPATH\CodeIgniter.php(933): App\Controllers\Event->scanQr()
 2 SYSTEMPATH\CodeIgniter.php(507): CodeIgniter\CodeIgniter->runController(Object(App\Controllers\Event))
 3 SYSTEMPATH\CodeIgniter.php(354): CodeIgniter\CodeIgniter->handleRequest(null, Object(Config\Cache), false)
 4 SYSTEMPATH\Boot.php(334): CodeIgniter\CodeIgniter->run()
 5 SYSTEMPATH\Boot.php(67): CodeIgniter\Boot::runCodeIgniter(Object(CodeIgniter\CodeIgniter))
 6 FCPATH\index.php(56): CodeIgniter\Boot::bootWeb(Object(Config\Paths))
 7 SYSTEMPATH\rewrite.php(44): require_once('C:\\xampp\\htdocs\\register\\public\\index.php')
CRITICAL - 2025-05-07 04:47:44 --> Error: Class "App\Controllers\EventAttendanceModel" not found
[Method: POST, Route: event/scanQr]
in APPPATH\Controllers\Event.php on line 277.
 1 SYSTEMPATH\CodeIgniter.php(933): App\Controllers\Event->scanQr()
 2 SYSTEMPATH\CodeIgniter.php(507): CodeIgniter\CodeIgniter->runController(Object(App\Controllers\Event))
 3 SYSTEMPATH\CodeIgniter.php(354): CodeIgniter\CodeIgniter->handleRequest(null, Object(Config\Cache), false)
 4 SYSTEMPATH\Boot.php(334): CodeIgniter\CodeIgniter->run()
 5 SYSTEMPATH\Boot.php(67): CodeIgniter\Boot::runCodeIgniter(Object(CodeIgniter\CodeIgniter))
 6 FCPATH\index.php(56): CodeIgniter\Boot::bootWeb(Object(Config\Paths))
 7 SYSTEMPATH\rewrite.php(44): require_once('C:\\xampp\\htdocs\\register\\public\\index.php')
CRITICAL - 2025-05-07 04:47:44 --> Error: Class "App\Controllers\EventAttendanceModel" not found
[Method: POST, Route: event/scanQr]
in APPPATH\Controllers\Event.php on line 277.
 1 SYSTEMPATH\CodeIgniter.php(933): App\Controllers\Event->scanQr()
 2 SYSTEMPATH\CodeIgniter.php(507): CodeIgniter\CodeIgniter->runController(Object(App\Controllers\Event))
 3 SYSTEMPATH\CodeIgniter.php(354): CodeIgniter\CodeIgniter->handleRequest(null, Object(Config\Cache), false)
 4 SYSTEMPATH\Boot.php(334): CodeIgniter\CodeIgniter->run()
 5 SYSTEMPATH\Boot.php(67): CodeIgniter\Boot::runCodeIgniter(Object(CodeIgniter\CodeIgniter))
 6 FCPATH\index.php(56): CodeIgniter\Boot::bootWeb(Object(Config\Paths))
 7 SYSTEMPATH\rewrite.php(44): require_once('C:\\xampp\\htdocs\\register\\public\\index.php')
CRITICAL - 2025-05-07 04:47:44 --> Error: Class "App\Controllers\EventAttendanceModel" not found
[Method: POST, Route: event/scanQr]
in APPPATH\Controllers\Event.php on line 277.
 1 SYSTEMPATH\CodeIgniter.php(933): App\Controllers\Event->scanQr()
 2 SYSTEMPATH\CodeIgniter.php(507): CodeIgniter\CodeIgniter->runController(Object(App\Controllers\Event))
 3 SYSTEMPATH\CodeIgniter.php(354): CodeIgniter\CodeIgniter->handleRequest(null, Object(Config\Cache), false)
 4 SYSTEMPATH\Boot.php(334): CodeIgniter\CodeIgniter->run()
 5 SYSTEMPATH\Boot.php(67): CodeIgniter\Boot::runCodeIgniter(Object(CodeIgniter\CodeIgniter))
 6 FCPATH\index.php(56): CodeIgniter\Boot::bootWeb(Object(Config\Paths))
 7 SYSTEMPATH\rewrite.php(44): require_once('C:\\xampp\\htdocs\\register\\public\\index.php')
CRITICAL - 2025-05-07 04:47:45 --> Error: Class "App\Controllers\EventAttendanceModel" not found
[Method: POST, Route: event/scanQr]
in APPPATH\Controllers\Event.php on line 277.
 1 SYSTEMPATH\CodeIgniter.php(933): App\Controllers\Event->scanQr()
 2 SYSTEMPATH\CodeIgniter.php(507): CodeIgniter\CodeIgniter->runController(Object(App\Controllers\Event))
 3 SYSTEMPATH\CodeIgniter.php(354): CodeIgniter\CodeIgniter->handleRequest(null, Object(Config\Cache), false)
 4 SYSTEMPATH\Boot.php(334): CodeIgniter\CodeIgniter->run()
 5 SYSTEMPATH\Boot.php(67): CodeIgniter\Boot::runCodeIgniter(Object(CodeIgniter\CodeIgniter))
 6 FCPATH\index.php(56): CodeIgniter\Boot::bootWeb(Object(Config\Paths))
 7 SYSTEMPATH\rewrite.php(44): require_once('C:\\xampp\\htdocs\\register\\public\\index.php')
CRITICAL - 2025-05-07 04:47:45 --> Error: Class "App\Controllers\EventAttendanceModel" not found
[Method: POST, Route: event/scanQr]
in APPPATH\Controllers\Event.php on line 277.
 1 SYSTEMPATH\CodeIgniter.php(933): App\Controllers\Event->scanQr()
 2 SYSTEMPATH\CodeIgniter.php(507): CodeIgniter\CodeIgniter->runController(Object(App\Controllers\Event))
 3 SYSTEMPATH\CodeIgniter.php(354): CodeIgniter\CodeIgniter->handleRequest(null, Object(Config\Cache), false)
 4 SYSTEMPATH\Boot.php(334): CodeIgniter\CodeIgniter->run()
 5 SYSTEMPATH\Boot.php(67): CodeIgniter\Boot::runCodeIgniter(Object(CodeIgniter\CodeIgniter))
 6 FCPATH\index.php(56): CodeIgniter\Boot::bootWeb(Object(Config\Paths))
 7 SYSTEMPATH\rewrite.php(44): require_once('C:\\xampp\\htdocs\\register\\public\\index.php')
CRITICAL - 2025-05-07 04:47:45 --> Error: Class "App\Controllers\EventAttendanceModel" not found
[Method: POST, Route: event/scanQr]
in APPPATH\Controllers\Event.php on line 277.
 1 SYSTEMPATH\CodeIgniter.php(933): App\Controllers\Event->scanQr()
 2 SYSTEMPATH\CodeIgniter.php(507): CodeIgniter\CodeIgniter->runController(Object(App\Controllers\Event))
 3 SYSTEMPATH\CodeIgniter.php(354): CodeIgniter\CodeIgniter->handleRequest(null, Object(Config\Cache), false)
 4 SYSTEMPATH\Boot.php(334): CodeIgniter\CodeIgniter->run()
 5 SYSTEMPATH\Boot.php(67): CodeIgniter\Boot::runCodeIgniter(Object(CodeIgniter\CodeIgniter))
 6 FCPATH\index.php(56): CodeIgniter\Boot::bootWeb(Object(Config\Paths))
 7 SYSTEMPATH\rewrite.php(44): require_once('C:\\xampp\\htdocs\\register\\public\\index.php')
CRITICAL - 2025-05-07 04:47:48 --> Error: Class "App\Controllers\EventAttendanceModel" not found
[Method: POST, Route: event/scanQr]
in APPPATH\Controllers\Event.php on line 277.
 1 SYSTEMPATH\CodeIgniter.php(933): App\Controllers\Event->scanQr()
 2 SYSTEMPATH\CodeIgniter.php(507): CodeIgniter\CodeIgniter->runController(Object(App\Controllers\Event))
 3 SYSTEMPATH\CodeIgniter.php(354): CodeIgniter\CodeIgniter->handleRequest(null, Object(Config\Cache), false)
 4 SYSTEMPATH\Boot.php(334): CodeIgniter\CodeIgniter->run()
 5 SYSTEMPATH\Boot.php(67): CodeIgniter\Boot::runCodeIgniter(Object(CodeIgniter\CodeIgniter))
 6 FCPATH\index.php(56): CodeIgniter\Boot::bootWeb(Object(Config\Paths))
 7 SYSTEMPATH\rewrite.php(44): require_once('C:\\xampp\\htdocs\\register\\public\\index.php')
CRITICAL - 2025-05-07 04:47:49 --> Error: Class "App\Controllers\EventAttendanceModel" not found
[Method: POST, Route: event/scanQr]
in APPPATH\Controllers\Event.php on line 277.
 1 SYSTEMPATH\CodeIgniter.php(933): App\Controllers\Event->scanQr()
 2 SYSTEMPATH\CodeIgniter.php(507): CodeIgniter\CodeIgniter->runController(Object(App\Controllers\Event))
 3 SYSTEMPATH\CodeIgniter.php(354): CodeIgniter\CodeIgniter->handleRequest(null, Object(Config\Cache), false)
 4 SYSTEMPATH\Boot.php(334): CodeIgniter\CodeIgniter->run()
 5 SYSTEMPATH\Boot.php(67): CodeIgniter\Boot::runCodeIgniter(Object(CodeIgniter\CodeIgniter))
 6 FCPATH\index.php(56): CodeIgniter\Boot::bootWeb(Object(Config\Paths))
 7 SYSTEMPATH\rewrite.php(44): require_once('C:\\xampp\\htdocs\\register\\public\\index.php')
CRITICAL - 2025-05-07 04:47:50 --> Error: Class "App\Controllers\EventAttendanceModel" not found
[Method: POST, Route: event/scanQr]
in APPPATH\Controllers\Event.php on line 277.
 1 SYSTEMPATH\CodeIgniter.php(933): App\Controllers\Event->scanQr()
 2 SYSTEMPATH\CodeIgniter.php(507): CodeIgniter\CodeIgniter->runController(Object(App\Controllers\Event))
 3 SYSTEMPATH\CodeIgniter.php(354): CodeIgniter\CodeIgniter->handleRequest(null, Object(Config\Cache), false)
 4 SYSTEMPATH\Boot.php(334): CodeIgniter\CodeIgniter->run()
 5 SYSTEMPATH\Boot.php(67): CodeIgniter\Boot::runCodeIgniter(Object(CodeIgniter\CodeIgniter))
 6 FCPATH\index.php(56): CodeIgniter\Boot::bootWeb(Object(Config\Paths))
 7 SYSTEMPATH\rewrite.php(44): require_once('C:\\xampp\\htdocs\\register\\public\\index.php')
CRITICAL - 2025-05-07 04:47:50 --> Error: Class "App\Controllers\EventAttendanceModel" not found
[Method: POST, Route: event/scanQr]
in APPPATH\Controllers\Event.php on line 277.
 1 SYSTEMPATH\CodeIgniter.php(933): App\Controllers\Event->scanQr()
 2 SYSTEMPATH\CodeIgniter.php(507): CodeIgniter\CodeIgniter->runController(Object(App\Controllers\Event))
 3 SYSTEMPATH\CodeIgniter.php(354): CodeIgniter\CodeIgniter->handleRequest(null, Object(Config\Cache), false)
 4 SYSTEMPATH\Boot.php(334): CodeIgniter\CodeIgniter->run()
 5 SYSTEMPATH\Boot.php(67): CodeIgniter\Boot::runCodeIgniter(Object(CodeIgniter\CodeIgniter))
 6 FCPATH\index.php(56): CodeIgniter\Boot::bootWeb(Object(Config\Paths))
 7 SYSTEMPATH\rewrite.php(44): require_once('C:\\xampp\\htdocs\\register\\public\\index.php')
CRITICAL - 2025-05-07 04:47:51 --> Error: Class "App\Controllers\EventAttendanceModel" not found
[Method: POST, Route: event/scanQr]
in APPPATH\Controllers\Event.php on line 277.
 1 SYSTEMPATH\CodeIgniter.php(933): App\Controllers\Event->scanQr()
 2 SYSTEMPATH\CodeIgniter.php(507): CodeIgniter\CodeIgniter->runController(Object(App\Controllers\Event))
 3 SYSTEMPATH\CodeIgniter.php(354): CodeIgniter\CodeIgniter->handleRequest(null, Object(Config\Cache), false)
 4 SYSTEMPATH\Boot.php(334): CodeIgniter\CodeIgniter->run()
 5 SYSTEMPATH\Boot.php(67): CodeIgniter\Boot::runCodeIgniter(Object(CodeIgniter\CodeIgniter))
 6 FCPATH\index.php(56): CodeIgniter\Boot::bootWeb(Object(Config\Paths))
 7 SYSTEMPATH\rewrite.php(44): require_once('C:\\xampp\\htdocs\\register\\public\\index.php')
CRITICAL - 2025-05-07 04:47:51 --> Error: Class "App\Controllers\EventAttendanceModel" not found
[Method: POST, Route: event/scanQr]
in APPPATH\Controllers\Event.php on line 277.
 1 SYSTEMPATH\CodeIgniter.php(933): App\Controllers\Event->scanQr()
 2 SYSTEMPATH\CodeIgniter.php(507): CodeIgniter\CodeIgniter->runController(Object(App\Controllers\Event))
 3 SYSTEMPATH\CodeIgniter.php(354): CodeIgniter\CodeIgniter->handleRequest(null, Object(Config\Cache), false)
 4 SYSTEMPATH\Boot.php(334): CodeIgniter\CodeIgniter->run()
 5 SYSTEMPATH\Boot.php(67): CodeIgniter\Boot::runCodeIgniter(Object(CodeIgniter\CodeIgniter))
 6 FCPATH\index.php(56): CodeIgniter\Boot::bootWeb(Object(Config\Paths))
 7 SYSTEMPATH\rewrite.php(44): require_once('C:\\xampp\\htdocs\\register\\public\\index.php')
CRITICAL - 2025-05-07 04:47:51 --> Error: Class "App\Controllers\EventAttendanceModel" not found
[Method: POST, Route: event/scanQr]
in APPPATH\Controllers\Event.php on line 277.
 1 SYSTEMPATH\CodeIgniter.php(933): App\Controllers\Event->scanQr()
 2 SYSTEMPATH\CodeIgniter.php(507): CodeIgniter\CodeIgniter->runController(Object(App\Controllers\Event))
 3 SYSTEMPATH\CodeIgniter.php(354): CodeIgniter\CodeIgniter->handleRequest(null, Object(Config\Cache), false)
 4 SYSTEMPATH\Boot.php(334): CodeIgniter\CodeIgniter->run()
 5 SYSTEMPATH\Boot.php(67): CodeIgniter\Boot::runCodeIgniter(Object(CodeIgniter\CodeIgniter))
 6 FCPATH\index.php(56): CodeIgniter\Boot::bootWeb(Object(Config\Paths))
 7 SYSTEMPATH\rewrite.php(44): require_once('C:\\xampp\\htdocs\\register\\public\\index.php')
CRITICAL - 2025-05-07 04:47:52 --> Error: Class "App\Controllers\EventAttendanceModel" not found
[Method: POST, Route: event/scanQr]
in APPPATH\Controllers\Event.php on line 277.
 1 SYSTEMPATH\CodeIgniter.php(933): App\Controllers\Event->scanQr()
 2 SYSTEMPATH\CodeIgniter.php(507): CodeIgniter\CodeIgniter->runController(Object(App\Controllers\Event))
 3 SYSTEMPATH\CodeIgniter.php(354): CodeIgniter\CodeIgniter->handleRequest(null, Object(Config\Cache), false)
 4 SYSTEMPATH\Boot.php(334): CodeIgniter\CodeIgniter->run()
 5 SYSTEMPATH\Boot.php(67): CodeIgniter\Boot::runCodeIgniter(Object(CodeIgniter\CodeIgniter))
 6 FCPATH\index.php(56): CodeIgniter\Boot::bootWeb(Object(Config\Paths))
 7 SYSTEMPATH\rewrite.php(44): require_once('C:\\xampp\\htdocs\\register\\public\\index.php')
CRITICAL - 2025-05-07 04:47:52 --> Error: Class "App\Controllers\EventAttendanceModel" not found
[Method: POST, Route: event/scanQr]
in APPPATH\Controllers\Event.php on line 277.
 1 SYSTEMPATH\CodeIgniter.php(933): App\Controllers\Event->scanQr()
 2 SYSTEMPATH\CodeIgniter.php(507): CodeIgniter\CodeIgniter->runController(Object(App\Controllers\Event))
 3 SYSTEMPATH\CodeIgniter.php(354): CodeIgniter\CodeIgniter->handleRequest(null, Object(Config\Cache), false)
 4 SYSTEMPATH\Boot.php(334): CodeIgniter\CodeIgniter->run()
 5 SYSTEMPATH\Boot.php(67): CodeIgniter\Boot::runCodeIgniter(Object(CodeIgniter\CodeIgniter))
 6 FCPATH\index.php(56): CodeIgniter\Boot::bootWeb(Object(Config\Paths))
 7 SYSTEMPATH\rewrite.php(44): require_once('C:\\xampp\\htdocs\\register\\public\\index.php')
CRITICAL - 2025-05-07 04:47:52 --> Error: Class "App\Controllers\EventAttendanceModel" not found
[Method: POST, Route: event/scanQr]
in APPPATH\Controllers\Event.php on line 277.
 1 SYSTEMPATH\CodeIgniter.php(933): App\Controllers\Event->scanQr()
 2 SYSTEMPATH\CodeIgniter.php(507): CodeIgniter\CodeIgniter->runController(Object(App\Controllers\Event))
 3 SYSTEMPATH\CodeIgniter.php(354): CodeIgniter\CodeIgniter->handleRequest(null, Object(Config\Cache), false)
 4 SYSTEMPATH\Boot.php(334): CodeIgniter\CodeIgniter->run()
 5 SYSTEMPATH\Boot.php(67): CodeIgniter\Boot::runCodeIgniter(Object(CodeIgniter\CodeIgniter))
 6 FCPATH\index.php(56): CodeIgniter\Boot::bootWeb(Object(Config\Paths))
 7 SYSTEMPATH\rewrite.php(44): require_once('C:\\xampp\\htdocs\\register\\public\\index.php')
CRITICAL - 2025-05-07 04:47:53 --> Error: Class "App\Controllers\EventAttendanceModel" not found
[Method: POST, Route: event/scanQr]
in APPPATH\Controllers\Event.php on line 277.
 1 SYSTEMPATH\CodeIgniter.php(933): App\Controllers\Event->scanQr()
 2 SYSTEMPATH\CodeIgniter.php(507): CodeIgniter\CodeIgniter->runController(Object(App\Controllers\Event))
 3 SYSTEMPATH\CodeIgniter.php(354): CodeIgniter\CodeIgniter->handleRequest(null, Object(Config\Cache), false)
 4 SYSTEMPATH\Boot.php(334): CodeIgniter\CodeIgniter->run()
 5 SYSTEMPATH\Boot.php(67): CodeIgniter\Boot::runCodeIgniter(Object(CodeIgniter\CodeIgniter))
 6 FCPATH\index.php(56): CodeIgniter\Boot::bootWeb(Object(Config\Paths))
 7 SYSTEMPATH\rewrite.php(44): require_once('C:\\xampp\\htdocs\\register\\public\\index.php')
CRITICAL - 2025-05-07 04:47:53 --> Error: Class "App\Controllers\EventAttendanceModel" not found
[Method: POST, Route: event/scanQr]
in APPPATH\Controllers\Event.php on line 277.
 1 SYSTEMPATH\CodeIgniter.php(933): App\Controllers\Event->scanQr()
 2 SYSTEMPATH\CodeIgniter.php(507): CodeIgniter\CodeIgniter->runController(Object(App\Controllers\Event))
 3 SYSTEMPATH\CodeIgniter.php(354): CodeIgniter\CodeIgniter->handleRequest(null, Object(Config\Cache), false)
 4 SYSTEMPATH\Boot.php(334): CodeIgniter\CodeIgniter->run()
 5 SYSTEMPATH\Boot.php(67): CodeIgniter\Boot::runCodeIgniter(Object(CodeIgniter\CodeIgniter))
 6 FCPATH\index.php(56): CodeIgniter\Boot::bootWeb(Object(Config\Paths))
 7 SYSTEMPATH\rewrite.php(44): require_once('C:\\xampp\\htdocs\\register\\public\\index.php')
CRITICAL - 2025-05-07 04:47:53 --> Error: Class "App\Controllers\EventAttendanceModel" not found
[Method: POST, Route: event/scanQr]
in APPPATH\Controllers\Event.php on line 277.
 1 SYSTEMPATH\CodeIgniter.php(933): App\Controllers\Event->scanQr()
 2 SYSTEMPATH\CodeIgniter.php(507): CodeIgniter\CodeIgniter->runController(Object(App\Controllers\Event))
 3 SYSTEMPATH\CodeIgniter.php(354): CodeIgniter\CodeIgniter->handleRequest(null, Object(Config\Cache), false)
 4 SYSTEMPATH\Boot.php(334): CodeIgniter\CodeIgniter->run()
 5 SYSTEMPATH\Boot.php(67): CodeIgniter\Boot::runCodeIgniter(Object(CodeIgniter\CodeIgniter))
 6 FCPATH\index.php(56): CodeIgniter\Boot::bootWeb(Object(Config\Paths))
 7 SYSTEMPATH\rewrite.php(44): require_once('C:\\xampp\\htdocs\\register\\public\\index.php')
CRITICAL - 2025-05-07 04:47:54 --> Error: Class "App\Controllers\EventAttendanceModel" not found
[Method: POST, Route: event/scanQr]
in APPPATH\Controllers\Event.php on line 277.
 1 SYSTEMPATH\CodeIgniter.php(933): App\Controllers\Event->scanQr()
 2 SYSTEMPATH\CodeIgniter.php(507): CodeIgniter\CodeIgniter->runController(Object(App\Controllers\Event))
 3 SYSTEMPATH\CodeIgniter.php(354): CodeIgniter\CodeIgniter->handleRequest(null, Object(Config\Cache), false)
 4 SYSTEMPATH\Boot.php(334): CodeIgniter\CodeIgniter->run()
 5 SYSTEMPATH\Boot.php(67): CodeIgniter\Boot::runCodeIgniter(Object(CodeIgniter\CodeIgniter))
 6 FCPATH\index.php(56): CodeIgniter\Boot::bootWeb(Object(Config\Paths))
 7 SYSTEMPATH\rewrite.php(44): require_once('C:\\xampp\\htdocs\\register\\public\\index.php')
CRITICAL - 2025-05-07 04:47:54 --> Error: Class "App\Controllers\EventAttendanceModel" not found
[Method: POST, Route: event/scanQr]
in APPPATH\Controllers\Event.php on line 277.
 1 SYSTEMPATH\CodeIgniter.php(933): App\Controllers\Event->scanQr()
 2 SYSTEMPATH\CodeIgniter.php(507): CodeIgniter\CodeIgniter->runController(Object(App\Controllers\Event))
 3 SYSTEMPATH\CodeIgniter.php(354): CodeIgniter\CodeIgniter->handleRequest(null, Object(Config\Cache), false)
 4 SYSTEMPATH\Boot.php(334): CodeIgniter\CodeIgniter->run()
 5 SYSTEMPATH\Boot.php(67): CodeIgniter\Boot::runCodeIgniter(Object(CodeIgniter\CodeIgniter))
 6 FCPATH\index.php(56): CodeIgniter\Boot::bootWeb(Object(Config\Paths))
 7 SYSTEMPATH\rewrite.php(44): require_once('C:\\xampp\\htdocs\\register\\public\\index.php')
CRITICAL - 2025-05-07 04:47:54 --> Error: Class "App\Controllers\EventAttendanceModel" not found
[Method: POST, Route: event/scanQr]
in APPPATH\Controllers\Event.php on line 277.
 1 SYSTEMPATH\CodeIgniter.php(933): App\Controllers\Event->scanQr()
 2 SYSTEMPATH\CodeIgniter.php(507): CodeIgniter\CodeIgniter->runController(Object(App\Controllers\Event))
 3 SYSTEMPATH\CodeIgniter.php(354): CodeIgniter\CodeIgniter->handleRequest(null, Object(Config\Cache), false)
 4 SYSTEMPATH\Boot.php(334): CodeIgniter\CodeIgniter->run()
 5 SYSTEMPATH\Boot.php(67): CodeIgniter\Boot::runCodeIgniter(Object(CodeIgniter\CodeIgniter))
 6 FCPATH\index.php(56): CodeIgniter\Boot::bootWeb(Object(Config\Paths))
 7 SYSTEMPATH\rewrite.php(44): require_once('C:\\xampp\\htdocs\\register\\public\\index.php')
CRITICAL - 2025-05-07 04:47:55 --> Error: Class "App\Controllers\EventAttendanceModel" not found
[Method: POST, Route: event/scanQr]
in APPPATH\Controllers\Event.php on line 277.
 1 SYSTEMPATH\CodeIgniter.php(933): App\Controllers\Event->scanQr()
 2 SYSTEMPATH\CodeIgniter.php(507): CodeIgniter\CodeIgniter->runController(Object(App\Controllers\Event))
 3 SYSTEMPATH\CodeIgniter.php(354): CodeIgniter\CodeIgniter->handleRequest(null, Object(Config\Cache), false)
 4 SYSTEMPATH\Boot.php(334): CodeIgniter\CodeIgniter->run()
 5 SYSTEMPATH\Boot.php(67): CodeIgniter\Boot::runCodeIgniter(Object(CodeIgniter\CodeIgniter))
 6 FCPATH\index.php(56): CodeIgniter\Boot::bootWeb(Object(Config\Paths))
 7 SYSTEMPATH\rewrite.php(44): require_once('C:\\xampp\\htdocs\\register\\public\\index.php')
CRITICAL - 2025-05-07 04:47:55 --> Error: Class "App\Controllers\EventAttendanceModel" not found
[Method: POST, Route: event/scanQr]
in APPPATH\Controllers\Event.php on line 277.
 1 SYSTEMPATH\CodeIgniter.php(933): App\Controllers\Event->scanQr()
 2 SYSTEMPATH\CodeIgniter.php(507): CodeIgniter\CodeIgniter->runController(Object(App\Controllers\Event))
 3 SYSTEMPATH\CodeIgniter.php(354): CodeIgniter\CodeIgniter->handleRequest(null, Object(Config\Cache), false)
 4 SYSTEMPATH\Boot.php(334): CodeIgniter\CodeIgniter->run()
 5 SYSTEMPATH\Boot.php(67): CodeIgniter\Boot::runCodeIgniter(Object(CodeIgniter\CodeIgniter))
 6 FCPATH\index.php(56): CodeIgniter\Boot::bootWeb(Object(Config\Paths))
 7 SYSTEMPATH\rewrite.php(44): require_once('C:\\xampp\\htdocs\\register\\public\\index.php')
CRITICAL - 2025-05-07 04:47:55 --> Error: Class "App\Controllers\EventAttendanceModel" not found
[Method: POST, Route: event/scanQr]
in APPPATH\Controllers\Event.php on line 277.
 1 SYSTEMPATH\CodeIgniter.php(933): App\Controllers\Event->scanQr()
 2 SYSTEMPATH\CodeIgniter.php(507): CodeIgniter\CodeIgniter->runController(Object(App\Controllers\Event))
 3 SYSTEMPATH\CodeIgniter.php(354): CodeIgniter\CodeIgniter->handleRequest(null, Object(Config\Cache), false)
 4 SYSTEMPATH\Boot.php(334): CodeIgniter\CodeIgniter->run()
 5 SYSTEMPATH\Boot.php(67): CodeIgniter\Boot::runCodeIgniter(Object(CodeIgniter\CodeIgniter))
 6 FCPATH\index.php(56): CodeIgniter\Boot::bootWeb(Object(Config\Paths))
 7 SYSTEMPATH\rewrite.php(44): require_once('C:\\xampp\\htdocs\\register\\public\\index.php')
CRITICAL - 2025-05-07 04:47:56 --> Error: Class "App\Controllers\EventAttendanceModel" not found
[Method: POST, Route: event/scanQr]
in APPPATH\Controllers\Event.php on line 277.
 1 SYSTEMPATH\CodeIgniter.php(933): App\Controllers\Event->scanQr()
 2 SYSTEMPATH\CodeIgniter.php(507): CodeIgniter\CodeIgniter->runController(Object(App\Controllers\Event))
 3 SYSTEMPATH\CodeIgniter.php(354): CodeIgniter\CodeIgniter->handleRequest(null, Object(Config\Cache), false)
 4 SYSTEMPATH\Boot.php(334): CodeIgniter\CodeIgniter->run()
 5 SYSTEMPATH\Boot.php(67): CodeIgniter\Boot::runCodeIgniter(Object(CodeIgniter\CodeIgniter))
 6 FCPATH\index.php(56): CodeIgniter\Boot::bootWeb(Object(Config\Paths))
 7 SYSTEMPATH\rewrite.php(44): require_once('C:\\xampp\\htdocs\\register\\public\\index.php')
CRITICAL - 2025-05-07 04:47:56 --> Error: Class "App\Controllers\EventAttendanceModel" not found
[Method: POST, Route: event/scanQr]
in APPPATH\Controllers\Event.php on line 277.
 1 SYSTEMPATH\CodeIgniter.php(933): App\Controllers\Event->scanQr()
 2 SYSTEMPATH\CodeIgniter.php(507): CodeIgniter\CodeIgniter->runController(Object(App\Controllers\Event))
 3 SYSTEMPATH\CodeIgniter.php(354): CodeIgniter\CodeIgniter->handleRequest(null, Object(Config\Cache), false)
 4 SYSTEMPATH\Boot.php(334): CodeIgniter\CodeIgniter->run()
 5 SYSTEMPATH\Boot.php(67): CodeIgniter\Boot::runCodeIgniter(Object(CodeIgniter\CodeIgniter))
 6 FCPATH\index.php(56): CodeIgniter\Boot::bootWeb(Object(Config\Paths))
 7 SYSTEMPATH\rewrite.php(44): require_once('C:\\xampp\\htdocs\\register\\public\\index.php')
CRITICAL - 2025-05-07 04:47:56 --> Error: Class "App\Controllers\EventAttendanceModel" not found
[Method: POST, Route: event/scanQr]
in APPPATH\Controllers\Event.php on line 277.
 1 SYSTEMPATH\CodeIgniter.php(933): App\Controllers\Event->scanQr()
 2 SYSTEMPATH\CodeIgniter.php(507): CodeIgniter\CodeIgniter->runController(Object(App\Controllers\Event))
 3 SYSTEMPATH\CodeIgniter.php(354): CodeIgniter\CodeIgniter->handleRequest(null, Object(Config\Cache), false)
 4 SYSTEMPATH\Boot.php(334): CodeIgniter\CodeIgniter->run()
 5 SYSTEMPATH\Boot.php(67): CodeIgniter\Boot::runCodeIgniter(Object(CodeIgniter\CodeIgniter))
 6 FCPATH\index.php(56): CodeIgniter\Boot::bootWeb(Object(Config\Paths))
 7 SYSTEMPATH\rewrite.php(44): require_once('C:\\xampp\\htdocs\\register\\public\\index.php')
CRITICAL - 2025-05-07 04:47:57 --> Error: Class "App\Controllers\EventAttendanceModel" not found
[Method: POST, Route: event/scanQr]
in APPPATH\Controllers\Event.php on line 277.
 1 SYSTEMPATH\CodeIgniter.php(933): App\Controllers\Event->scanQr()
 2 SYSTEMPATH\CodeIgniter.php(507): CodeIgniter\CodeIgniter->runController(Object(App\Controllers\Event))
 3 SYSTEMPATH\CodeIgniter.php(354): CodeIgniter\CodeIgniter->handleRequest(null, Object(Config\Cache), false)
 4 SYSTEMPATH\Boot.php(334): CodeIgniter\CodeIgniter->run()
 5 SYSTEMPATH\Boot.php(67): CodeIgniter\Boot::runCodeIgniter(Object(CodeIgniter\CodeIgniter))
 6 FCPATH\index.php(56): CodeIgniter\Boot::bootWeb(Object(Config\Paths))
 7 SYSTEMPATH\rewrite.php(44): require_once('C:\\xampp\\htdocs\\register\\public\\index.php')
CRITICAL - 2025-05-07 04:47:57 --> Error: Class "App\Controllers\EventAttendanceModel" not found
[Method: POST, Route: event/scanQr]
in APPPATH\Controllers\Event.php on line 277.
 1 SYSTEMPATH\CodeIgniter.php(933): App\Controllers\Event->scanQr()
 2 SYSTEMPATH\CodeIgniter.php(507): CodeIgniter\CodeIgniter->runController(Object(App\Controllers\Event))
 3 SYSTEMPATH\CodeIgniter.php(354): CodeIgniter\CodeIgniter->handleRequest(null, Object(Config\Cache), false)
 4 SYSTEMPATH\Boot.php(334): CodeIgniter\CodeIgniter->run()
 5 SYSTEMPATH\Boot.php(67): CodeIgniter\Boot::runCodeIgniter(Object(CodeIgniter\CodeIgniter))
 6 FCPATH\index.php(56): CodeIgniter\Boot::bootWeb(Object(Config\Paths))
 7 SYSTEMPATH\rewrite.php(44): require_once('C:\\xampp\\htdocs\\register\\public\\index.php')
CRITICAL - 2025-05-07 04:47:58 --> Error: Class "App\Controllers\EventAttendanceModel" not found
[Method: POST, Route: event/scanQr]
in APPPATH\Controllers\Event.php on line 277.
 1 SYSTEMPATH\CodeIgniter.php(933): App\Controllers\Event->scanQr()
 2 SYSTEMPATH\CodeIgniter.php(507): CodeIgniter\CodeIgniter->runController(Object(App\Controllers\Event))
 3 SYSTEMPATH\CodeIgniter.php(354): CodeIgniter\CodeIgniter->handleRequest(null, Object(Config\Cache), false)
 4 SYSTEMPATH\Boot.php(334): CodeIgniter\CodeIgniter->run()
 5 SYSTEMPATH\Boot.php(67): CodeIgniter\Boot::runCodeIgniter(Object(CodeIgniter\CodeIgniter))
 6 FCPATH\index.php(56): CodeIgniter\Boot::bootWeb(Object(Config\Paths))
 7 SYSTEMPATH\rewrite.php(44): require_once('C:\\xampp\\htdocs\\register\\public\\index.php')
CRITICAL - 2025-05-07 04:47:58 --> Error: Class "App\Controllers\EventAttendanceModel" not found
[Method: POST, Route: event/scanQr]
in APPPATH\Controllers\Event.php on line 277.
 1 SYSTEMPATH\CodeIgniter.php(933): App\Controllers\Event->scanQr()
 2 SYSTEMPATH\CodeIgniter.php(507): CodeIgniter\CodeIgniter->runController(Object(App\Controllers\Event))
 3 SYSTEMPATH\CodeIgniter.php(354): CodeIgniter\CodeIgniter->handleRequest(null, Object(Config\Cache), false)
 4 SYSTEMPATH\Boot.php(334): CodeIgniter\CodeIgniter->run()
 5 SYSTEMPATH\Boot.php(67): CodeIgniter\Boot::runCodeIgniter(Object(CodeIgniter\CodeIgniter))
 6 FCPATH\index.php(56): CodeIgniter\Boot::bootWeb(Object(Config\Paths))
 7 SYSTEMPATH\rewrite.php(44): require_once('C:\\xampp\\htdocs\\register\\public\\index.php')
CRITICAL - 2025-05-07 04:47:59 --> Error: Class "App\Controllers\EventAttendanceModel" not found
[Method: POST, Route: event/scanQr]
in APPPATH\Controllers\Event.php on line 277.
 1 SYSTEMPATH\CodeIgniter.php(933): App\Controllers\Event->scanQr()
 2 SYSTEMPATH\CodeIgniter.php(507): CodeIgniter\CodeIgniter->runController(Object(App\Controllers\Event))
 3 SYSTEMPATH\CodeIgniter.php(354): CodeIgniter\CodeIgniter->handleRequest(null, Object(Config\Cache), false)
 4 SYSTEMPATH\Boot.php(334): CodeIgniter\CodeIgniter->run()
 5 SYSTEMPATH\Boot.php(67): CodeIgniter\Boot::runCodeIgniter(Object(CodeIgniter\CodeIgniter))
 6 FCPATH\index.php(56): CodeIgniter\Boot::bootWeb(Object(Config\Paths))
 7 SYSTEMPATH\rewrite.php(44): require_once('C:\\xampp\\htdocs\\register\\public\\index.php')
CRITICAL - 2025-05-07 04:48:00 --> Error: Class "App\Controllers\EventAttendanceModel" not found
[Method: POST, Route: event/scanQr]
in APPPATH\Controllers\Event.php on line 277.
 1 SYSTEMPATH\CodeIgniter.php(933): App\Controllers\Event->scanQr()
 2 SYSTEMPATH\CodeIgniter.php(507): CodeIgniter\CodeIgniter->runController(Object(App\Controllers\Event))
 3 SYSTEMPATH\CodeIgniter.php(354): CodeIgniter\CodeIgniter->handleRequest(null, Object(Config\Cache), false)
 4 SYSTEMPATH\Boot.php(334): CodeIgniter\CodeIgniter->run()
 5 SYSTEMPATH\Boot.php(67): CodeIgniter\Boot::runCodeIgniter(Object(CodeIgniter\CodeIgniter))
 6 FCPATH\index.php(56): CodeIgniter\Boot::bootWeb(Object(Config\Paths))
 7 SYSTEMPATH\rewrite.php(44): require_once('C:\\xampp\\htdocs\\register\\public\\index.php')
CRITICAL - 2025-05-07 04:48:01 --> Error: Class "App\Controllers\EventAttendanceModel" not found
[Method: POST, Route: event/scanQr]
in APPPATH\Controllers\Event.php on line 277.
 1 SYSTEMPATH\CodeIgniter.php(933): App\Controllers\Event->scanQr()
 2 SYSTEMPATH\CodeIgniter.php(507): CodeIgniter\CodeIgniter->runController(Object(App\Controllers\Event))
 3 SYSTEMPATH\CodeIgniter.php(354): CodeIgniter\CodeIgniter->handleRequest(null, Object(Config\Cache), false)
 4 SYSTEMPATH\Boot.php(334): CodeIgniter\CodeIgniter->run()
 5 SYSTEMPATH\Boot.php(67): CodeIgniter\Boot::runCodeIgniter(Object(CodeIgniter\CodeIgniter))
 6 FCPATH\index.php(56): CodeIgniter\Boot::bootWeb(Object(Config\Paths))
 7 SYSTEMPATH\rewrite.php(44): require_once('C:\\xampp\\htdocs\\register\\public\\index.php')
CRITICAL - 2025-05-07 04:48:02 --> Error: Class "App\Controllers\EventAttendanceModel" not found
[Method: POST, Route: event/scanQr]
in APPPATH\Controllers\Event.php on line 277.
 1 SYSTEMPATH\CodeIgniter.php(933): App\Controllers\Event->scanQr()
 2 SYSTEMPATH\CodeIgniter.php(507): CodeIgniter\CodeIgniter->runController(Object(App\Controllers\Event))
 3 SYSTEMPATH\CodeIgniter.php(354): CodeIgniter\CodeIgniter->handleRequest(null, Object(Config\Cache), false)
 4 SYSTEMPATH\Boot.php(334): CodeIgniter\CodeIgniter->run()
 5 SYSTEMPATH\Boot.php(67): CodeIgniter\Boot::runCodeIgniter(Object(CodeIgniter\CodeIgniter))
 6 FCPATH\index.php(56): CodeIgniter\Boot::bootWeb(Object(Config\Paths))
 7 SYSTEMPATH\rewrite.php(44): require_once('C:\\xampp\\htdocs\\register\\public\\index.php')
CRITICAL - 2025-05-07 04:48:02 --> Error: Class "App\Controllers\EventAttendanceModel" not found
[Method: POST, Route: event/scanQr]
in APPPATH\Controllers\Event.php on line 277.
 1 SYSTEMPATH\CodeIgniter.php(933): App\Controllers\Event->scanQr()
 2 SYSTEMPATH\CodeIgniter.php(507): CodeIgniter\CodeIgniter->runController(Object(App\Controllers\Event))
 3 SYSTEMPATH\CodeIgniter.php(354): CodeIgniter\CodeIgniter->handleRequest(null, Object(Config\Cache), false)
 4 SYSTEMPATH\Boot.php(334): CodeIgniter\CodeIgniter->run()
 5 SYSTEMPATH\Boot.php(67): CodeIgniter\Boot::runCodeIgniter(Object(CodeIgniter\CodeIgniter))
 6 FCPATH\index.php(56): CodeIgniter\Boot::bootWeb(Object(Config\Paths))
 7 SYSTEMPATH\rewrite.php(44): require_once('C:\\xampp\\htdocs\\register\\public\\index.php')
CRITICAL - 2025-05-07 04:48:03 --> Error: Class "App\Controllers\EventAttendanceModel" not found
[Method: POST, Route: event/scanQr]
in APPPATH\Controllers\Event.php on line 277.
 1 SYSTEMPATH\CodeIgniter.php(933): App\Controllers\Event->scanQr()
 2 SYSTEMPATH\CodeIgniter.php(507): CodeIgniter\CodeIgniter->runController(Object(App\Controllers\Event))
 3 SYSTEMPATH\CodeIgniter.php(354): CodeIgniter\CodeIgniter->handleRequest(null, Object(Config\Cache), false)
 4 SYSTEMPATH\Boot.php(334): CodeIgniter\CodeIgniter->run()
 5 SYSTEMPATH\Boot.php(67): CodeIgniter\Boot::runCodeIgniter(Object(CodeIgniter\CodeIgniter))
 6 FCPATH\index.php(56): CodeIgniter\Boot::bootWeb(Object(Config\Paths))
 7 SYSTEMPATH\rewrite.php(44): require_once('C:\\xampp\\htdocs\\register\\public\\index.php')
DEBUG - 2025-05-07 04:48:04 --> Session: Class initialized using 'CodeIgniter\Session\Handlers\FileHandler' driver.
CRITICAL - 2025-05-07 04:48:05 --> Error: Class "App\Controllers\EventAttendanceModel" not found
[Method: POST, Route: event/scanQr]
in APPPATH\Controllers\Event.php on line 277.
 1 SYSTEMPATH\CodeIgniter.php(933): App\Controllers\Event->scanQr()
 2 SYSTEMPATH\CodeIgniter.php(507): CodeIgniter\CodeIgniter->runController(Object(App\Controllers\Event))
 3 SYSTEMPATH\CodeIgniter.php(354): CodeIgniter\CodeIgniter->handleRequest(null, Object(Config\Cache), false)
 4 SYSTEMPATH\Boot.php(334): CodeIgniter\CodeIgniter->run()
 5 SYSTEMPATH\Boot.php(67): CodeIgniter\Boot::runCodeIgniter(Object(CodeIgniter\CodeIgniter))
 6 FCPATH\index.php(56): CodeIgniter\Boot::bootWeb(Object(Config\Paths))
 7 SYSTEMPATH\rewrite.php(44): require_once('C:\\xampp\\htdocs\\register\\public\\index.php')
CRITICAL - 2025-05-07 04:48:06 --> Error: Class "App\Controllers\EventAttendanceModel" not found
[Method: POST, Route: event/scanQr]
in APPPATH\Controllers\Event.php on line 277.
 1 SYSTEMPATH\CodeIgniter.php(933): App\Controllers\Event->scanQr()
 2 SYSTEMPATH\CodeIgniter.php(507): CodeIgniter\CodeIgniter->runController(Object(App\Controllers\Event))
 3 SYSTEMPATH\CodeIgniter.php(354): CodeIgniter\CodeIgniter->handleRequest(null, Object(Config\Cache), false)
 4 SYSTEMPATH\Boot.php(334): CodeIgniter\CodeIgniter->run()
 5 SYSTEMPATH\Boot.php(67): CodeIgniter\Boot::runCodeIgniter(Object(CodeIgniter\CodeIgniter))
 6 FCPATH\index.php(56): CodeIgniter\Boot::bootWeb(Object(Config\Paths))
 7 SYSTEMPATH\rewrite.php(44): require_once('C:\\xampp\\htdocs\\register\\public\\index.php')
CRITICAL - 2025-05-07 04:48:06 --> Error: Class "App\Controllers\EventAttendanceModel" not found
[Method: POST, Route: event/scanQr]
in APPPATH\Controllers\Event.php on line 277.
 1 SYSTEMPATH\CodeIgniter.php(933): App\Controllers\Event->scanQr()
 2 SYSTEMPATH\CodeIgniter.php(507): CodeIgniter\CodeIgniter->runController(Object(App\Controllers\Event))
 3 SYSTEMPATH\CodeIgniter.php(354): CodeIgniter\CodeIgniter->handleRequest(null, Object(Config\Cache), false)
 4 SYSTEMPATH\Boot.php(334): CodeIgniter\CodeIgniter->run()
 5 SYSTEMPATH\Boot.php(67): CodeIgniter\Boot::runCodeIgniter(Object(CodeIgniter\CodeIgniter))
 6 FCPATH\index.php(56): CodeIgniter\Boot::bootWeb(Object(Config\Paths))
 7 SYSTEMPATH\rewrite.php(44): require_once('C:\\xampp\\htdocs\\register\\public\\index.php')
CRITICAL - 2025-05-07 04:48:06 --> Error: Class "App\Controllers\EventAttendanceModel" not found
[Method: POST, Route: event/scanQr]
in APPPATH\Controllers\Event.php on line 277.
 1 SYSTEMPATH\CodeIgniter.php(933): App\Controllers\Event->scanQr()
 2 SYSTEMPATH\CodeIgniter.php(507): CodeIgniter\CodeIgniter->runController(Object(App\Controllers\Event))
 3 SYSTEMPATH\CodeIgniter.php(354): CodeIgniter\CodeIgniter->handleRequest(null, Object(Config\Cache), false)
 4 SYSTEMPATH\Boot.php(334): CodeIgniter\CodeIgniter->run()
 5 SYSTEMPATH\Boot.php(67): CodeIgniter\Boot::runCodeIgniter(Object(CodeIgniter\CodeIgniter))
 6 FCPATH\index.php(56): CodeIgniter\Boot::bootWeb(Object(Config\Paths))
 7 SYSTEMPATH\rewrite.php(44): require_once('C:\\xampp\\htdocs\\register\\public\\index.php')
CRITICAL - 2025-05-07 04:48:07 --> Error: Class "App\Controllers\EventAttendanceModel" not found
[Method: POST, Route: event/scanQr]
in APPPATH\Controllers\Event.php on line 277.
 1 SYSTEMPATH\CodeIgniter.php(933): App\Controllers\Event->scanQr()
 2 SYSTEMPATH\CodeIgniter.php(507): CodeIgniter\CodeIgniter->runController(Object(App\Controllers\Event))
 3 SYSTEMPATH\CodeIgniter.php(354): CodeIgniter\CodeIgniter->handleRequest(null, Object(Config\Cache), false)
 4 SYSTEMPATH\Boot.php(334): CodeIgniter\CodeIgniter->run()
 5 SYSTEMPATH\Boot.php(67): CodeIgniter\Boot::runCodeIgniter(Object(CodeIgniter\CodeIgniter))
 6 FCPATH\index.php(56): CodeIgniter\Boot::bootWeb(Object(Config\Paths))
 7 SYSTEMPATH\rewrite.php(44): require_once('C:\\xampp\\htdocs\\register\\public\\index.php')
CRITICAL - 2025-05-07 04:48:09 --> Error: Class "App\Controllers\EventAttendanceModel" not found
[Method: POST, Route: event/scanQr]
in APPPATH\Controllers\Event.php on line 277.
 1 SYSTEMPATH\CodeIgniter.php(933): App\Controllers\Event->scanQr()
 2 SYSTEMPATH\CodeIgniter.php(507): CodeIgniter\CodeIgniter->runController(Object(App\Controllers\Event))
 3 SYSTEMPATH\CodeIgniter.php(354): CodeIgniter\CodeIgniter->handleRequest(null, Object(Config\Cache), false)
 4 SYSTEMPATH\Boot.php(334): CodeIgniter\CodeIgniter->run()
 5 SYSTEMPATH\Boot.php(67): CodeIgniter\Boot::runCodeIgniter(Object(CodeIgniter\CodeIgniter))
 6 FCPATH\index.php(56): CodeIgniter\Boot::bootWeb(Object(Config\Paths))
 7 SYSTEMPATH\rewrite.php(44): require_once('C:\\xampp\\htdocs\\register\\public\\index.php')
CRITICAL - 2025-05-07 04:48:09 --> Error: Class "App\Controllers\EventAttendanceModel" not found
[Method: POST, Route: event/scanQr]
in APPPATH\Controllers\Event.php on line 277.
 1 SYSTEMPATH\CodeIgniter.php(933): App\Controllers\Event->scanQr()
 2 SYSTEMPATH\CodeIgniter.php(507): CodeIgniter\CodeIgniter->runController(Object(App\Controllers\Event))
 3 SYSTEMPATH\CodeIgniter.php(354): CodeIgniter\CodeIgniter->handleRequest(null, Object(Config\Cache), false)
 4 SYSTEMPATH\Boot.php(334): CodeIgniter\CodeIgniter->run()
 5 SYSTEMPATH\Boot.php(67): CodeIgniter\Boot::runCodeIgniter(Object(CodeIgniter\CodeIgniter))
 6 FCPATH\index.php(56): CodeIgniter\Boot::bootWeb(Object(Config\Paths))
 7 SYSTEMPATH\rewrite.php(44): require_once('C:\\xampp\\htdocs\\register\\public\\index.php')
CRITICAL - 2025-05-07 04:48:53 --> Error: Class "App\Controllers\EventAttendanceModel" not found
[Method: POST, Route: event/scanQr]
in APPPATH\Controllers\Event.php on line 277.
 1 SYSTEMPATH\CodeIgniter.php(933): App\Controllers\Event->scanQr()
 2 SYSTEMPATH\CodeIgniter.php(507): CodeIgniter\CodeIgniter->runController(Object(App\Controllers\Event))
 3 SYSTEMPATH\CodeIgniter.php(354): CodeIgniter\CodeIgniter->handleRequest(null, Object(Config\Cache), false)
 4 SYSTEMPATH\Boot.php(334): CodeIgniter\CodeIgniter->run()
 5 SYSTEMPATH\Boot.php(67): CodeIgniter\Boot::runCodeIgniter(Object(CodeIgniter\CodeIgniter))
 6 FCPATH\index.php(56): CodeIgniter\Boot::bootWeb(Object(Config\Paths))
 7 SYSTEMPATH\rewrite.php(44): require_once('C:\\xampp\\htdocs\\register\\public\\index.php')
CRITICAL - 2025-05-07 04:48:53 --> Error: Class "App\Controllers\EventAttendanceModel" not found
[Method: POST, Route: event/scanQr]
in APPPATH\Controllers\Event.php on line 277.
 1 SYSTEMPATH\CodeIgniter.php(933): App\Controllers\Event->scanQr()
 2 SYSTEMPATH\CodeIgniter.php(507): CodeIgniter\CodeIgniter->runController(Object(App\Controllers\Event))
 3 SYSTEMPATH\CodeIgniter.php(354): CodeIgniter\CodeIgniter->handleRequest(null, Object(Config\Cache), false)
 4 SYSTEMPATH\Boot.php(334): CodeIgniter\CodeIgniter->run()
 5 SYSTEMPATH\Boot.php(67): CodeIgniter\Boot::runCodeIgniter(Object(CodeIgniter\CodeIgniter))
 6 FCPATH\index.php(56): CodeIgniter\Boot::bootWeb(Object(Config\Paths))
 7 SYSTEMPATH\rewrite.php(44): require_once('C:\\xampp\\htdocs\\register\\public\\index.php')
CRITICAL - 2025-05-07 04:48:53 --> Error: Class "App\Controllers\EventAttendanceModel" not found
[Method: POST, Route: event/scanQr]
in APPPATH\Controllers\Event.php on line 277.
 1 SYSTEMPATH\CodeIgniter.php(933): App\Controllers\Event->scanQr()
 2 SYSTEMPATH\CodeIgniter.php(507): CodeIgniter\CodeIgniter->runController(Object(App\Controllers\Event))
 3 SYSTEMPATH\CodeIgniter.php(354): CodeIgniter\CodeIgniter->handleRequest(null, Object(Config\Cache), false)
 4 SYSTEMPATH\Boot.php(334): CodeIgniter\CodeIgniter->run()
 5 SYSTEMPATH\Boot.php(67): CodeIgniter\Boot::runCodeIgniter(Object(CodeIgniter\CodeIgniter))
 6 FCPATH\index.php(56): CodeIgniter\Boot::bootWeb(Object(Config\Paths))
 7 SYSTEMPATH\rewrite.php(44): require_once('C:\\xampp\\htdocs\\register\\public\\index.php')
CRITICAL - 2025-05-07 04:48:54 --> Error: Class "App\Controllers\EventAttendanceModel" not found
[Method: POST, Route: event/scanQr]
in APPPATH\Controllers\Event.php on line 277.
 1 SYSTEMPATH\CodeIgniter.php(933): App\Controllers\Event->scanQr()
 2 SYSTEMPATH\CodeIgniter.php(507): CodeIgniter\CodeIgniter->runController(Object(App\Controllers\Event))
 3 SYSTEMPATH\CodeIgniter.php(354): CodeIgniter\CodeIgniter->handleRequest(null, Object(Config\Cache), false)
 4 SYSTEMPATH\Boot.php(334): CodeIgniter\CodeIgniter->run()
 5 SYSTEMPATH\Boot.php(67): CodeIgniter\Boot::runCodeIgniter(Object(CodeIgniter\CodeIgniter))
 6 FCPATH\index.php(56): CodeIgniter\Boot::bootWeb(Object(Config\Paths))
 7 SYSTEMPATH\rewrite.php(44): require_once('C:\\xampp\\htdocs\\register\\public\\index.php')
CRITICAL - 2025-05-07 04:48:54 --> Error: Class "App\Controllers\EventAttendanceModel" not found
[Method: POST, Route: event/scanQr]
in APPPATH\Controllers\Event.php on line 277.
 1 SYSTEMPATH\CodeIgniter.php(933): App\Controllers\Event->scanQr()
 2 SYSTEMPATH\CodeIgniter.php(507): CodeIgniter\CodeIgniter->runController(Object(App\Controllers\Event))
 3 SYSTEMPATH\CodeIgniter.php(354): CodeIgniter\CodeIgniter->handleRequest(null, Object(Config\Cache), false)
 4 SYSTEMPATH\Boot.php(334): CodeIgniter\CodeIgniter->run()
 5 SYSTEMPATH\Boot.php(67): CodeIgniter\Boot::runCodeIgniter(Object(CodeIgniter\CodeIgniter))
 6 FCPATH\index.php(56): CodeIgniter\Boot::bootWeb(Object(Config\Paths))
 7 SYSTEMPATH\rewrite.php(44): require_once('C:\\xampp\\htdocs\\register\\public\\index.php')
CRITICAL - 2025-05-07 04:48:54 --> Error: Class "App\Controllers\EventAttendanceModel" not found
[Method: POST, Route: event/scanQr]
in APPPATH\Controllers\Event.php on line 277.
 1 SYSTEMPATH\CodeIgniter.php(933): App\Controllers\Event->scanQr()
 2 SYSTEMPATH\CodeIgniter.php(507): CodeIgniter\CodeIgniter->runController(Object(App\Controllers\Event))
 3 SYSTEMPATH\CodeIgniter.php(354): CodeIgniter\CodeIgniter->handleRequest(null, Object(Config\Cache), false)
 4 SYSTEMPATH\Boot.php(334): CodeIgniter\CodeIgniter->run()
 5 SYSTEMPATH\Boot.php(67): CodeIgniter\Boot::runCodeIgniter(Object(CodeIgniter\CodeIgniter))
 6 FCPATH\index.php(56): CodeIgniter\Boot::bootWeb(Object(Config\Paths))
 7 SYSTEMPATH\rewrite.php(44): require_once('C:\\xampp\\htdocs\\register\\public\\index.php')
CRITICAL - 2025-05-07 04:48:55 --> Error: Class "App\Controllers\EventAttendanceModel" not found
[Method: POST, Route: event/scanQr]
in APPPATH\Controllers\Event.php on line 277.
 1 SYSTEMPATH\CodeIgniter.php(933): App\Controllers\Event->scanQr()
 2 SYSTEMPATH\CodeIgniter.php(507): CodeIgniter\CodeIgniter->runController(Object(App\Controllers\Event))
 3 SYSTEMPATH\CodeIgniter.php(354): CodeIgniter\CodeIgniter->handleRequest(null, Object(Config\Cache), false)
 4 SYSTEMPATH\Boot.php(334): CodeIgniter\CodeIgniter->run()
 5 SYSTEMPATH\Boot.php(67): CodeIgniter\Boot::runCodeIgniter(Object(CodeIgniter\CodeIgniter))
 6 FCPATH\index.php(56): CodeIgniter\Boot::bootWeb(Object(Config\Paths))
 7 SYSTEMPATH\rewrite.php(44): require_once('C:\\xampp\\htdocs\\register\\public\\index.php')
CRITICAL - 2025-05-07 04:51:18 --> Error: Class "App\Controllers\EventAttendanceModel" not found
[Method: POST, Route: event/scanQr]
in APPPATH\Controllers\Event.php on line 277.
 1 SYSTEMPATH\CodeIgniter.php(933): App\Controllers\Event->scanQr()
 2 SYSTEMPATH\CodeIgniter.php(507): CodeIgniter\CodeIgniter->runController(Object(App\Controllers\Event))
 3 SYSTEMPATH\CodeIgniter.php(354): CodeIgniter\CodeIgniter->handleRequest(null, Object(Config\Cache), false)
 4 SYSTEMPATH\Boot.php(334): CodeIgniter\CodeIgniter->run()
 5 SYSTEMPATH\Boot.php(67): CodeIgniter\Boot::runCodeIgniter(Object(CodeIgniter\CodeIgniter))
 6 FCPATH\index.php(56): CodeIgniter\Boot::bootWeb(Object(Config\Paths))
 7 SYSTEMPATH\rewrite.php(44): require_once('C:\\xampp\\htdocs\\register\\public\\index.php')
CRITICAL - 2025-05-07 04:51:18 --> Error: Class "App\Controllers\EventAttendanceModel" not found
[Method: POST, Route: event/scanQr]
in APPPATH\Controllers\Event.php on line 277.
 1 SYSTEMPATH\CodeIgniter.php(933): App\Controllers\Event->scanQr()
 2 SYSTEMPATH\CodeIgniter.php(507): CodeIgniter\CodeIgniter->runController(Object(App\Controllers\Event))
 3 SYSTEMPATH\CodeIgniter.php(354): CodeIgniter\CodeIgniter->handleRequest(null, Object(Config\Cache), false)
 4 SYSTEMPATH\Boot.php(334): CodeIgniter\CodeIgniter->run()
 5 SYSTEMPATH\Boot.php(67): CodeIgniter\Boot::runCodeIgniter(Object(CodeIgniter\CodeIgniter))
 6 FCPATH\index.php(56): CodeIgniter\Boot::bootWeb(Object(Config\Paths))
 7 SYSTEMPATH\rewrite.php(44): require_once('C:\\xampp\\htdocs\\register\\public\\index.php')
CRITICAL - 2025-05-07 04:51:19 --> Error: Class "App\Controllers\EventAttendanceModel" not found
[Method: POST, Route: event/scanQr]
in APPPATH\Controllers\Event.php on line 277.
 1 SYSTEMPATH\CodeIgniter.php(933): App\Controllers\Event->scanQr()
 2 SYSTEMPATH\CodeIgniter.php(507): CodeIgniter\CodeIgniter->runController(Object(App\Controllers\Event))
 3 SYSTEMPATH\CodeIgniter.php(354): CodeIgniter\CodeIgniter->handleRequest(null, Object(Config\Cache), false)
 4 SYSTEMPATH\Boot.php(334): CodeIgniter\CodeIgniter->run()
 5 SYSTEMPATH\Boot.php(67): CodeIgniter\Boot::runCodeIgniter(Object(CodeIgniter\CodeIgniter))
 6 FCPATH\index.php(56): CodeIgniter\Boot::bootWeb(Object(Config\Paths))
 7 SYSTEMPATH\rewrite.php(44): require_once('C:\\xampp\\htdocs\\register\\public\\index.php')
CRITICAL - 2025-05-07 04:51:19 --> Error: Class "App\Controllers\EventAttendanceModel" not found
[Method: POST, Route: event/scanQr]
in APPPATH\Controllers\Event.php on line 277.
 1 SYSTEMPATH\CodeIgniter.php(933): App\Controllers\Event->scanQr()
 2 SYSTEMPATH\CodeIgniter.php(507): CodeIgniter\CodeIgniter->runController(Object(App\Controllers\Event))
 3 SYSTEMPATH\CodeIgniter.php(354): CodeIgniter\CodeIgniter->handleRequest(null, Object(Config\Cache), false)
 4 SYSTEMPATH\Boot.php(334): CodeIgniter\CodeIgniter->run()
 5 SYSTEMPATH\Boot.php(67): CodeIgniter\Boot::runCodeIgniter(Object(CodeIgniter\CodeIgniter))
 6 FCPATH\index.php(56): CodeIgniter\Boot::bootWeb(Object(Config\Paths))
 7 SYSTEMPATH\rewrite.php(44): require_once('C:\\xampp\\htdocs\\register\\public\\index.php')
CRITICAL - 2025-05-07 04:51:19 --> Error: Class "App\Controllers\EventAttendanceModel" not found
[Method: POST, Route: event/scanQr]
in APPPATH\Controllers\Event.php on line 277.
 1 SYSTEMPATH\CodeIgniter.php(933): App\Controllers\Event->scanQr()
 2 SYSTEMPATH\CodeIgniter.php(507): CodeIgniter\CodeIgniter->runController(Object(App\Controllers\Event))
 3 SYSTEMPATH\CodeIgniter.php(354): CodeIgniter\CodeIgniter->handleRequest(null, Object(Config\Cache), false)
 4 SYSTEMPATH\Boot.php(334): CodeIgniter\CodeIgniter->run()
 5 SYSTEMPATH\Boot.php(67): CodeIgniter\Boot::runCodeIgniter(Object(CodeIgniter\CodeIgniter))
 6 FCPATH\index.php(56): CodeIgniter\Boot::bootWeb(Object(Config\Paths))
 7 SYSTEMPATH\rewrite.php(44): require_once('C:\\xampp\\htdocs\\register\\public\\index.php')
CRITICAL - 2025-05-07 04:51:20 --> Error: Class "App\Controllers\EventAttendanceModel" not found
[Method: POST, Route: event/scanQr]
in APPPATH\Controllers\Event.php on line 277.
 1 SYSTEMPATH\CodeIgniter.php(933): App\Controllers\Event->scanQr()
 2 SYSTEMPATH\CodeIgniter.php(507): CodeIgniter\CodeIgniter->runController(Object(App\Controllers\Event))
 3 SYSTEMPATH\CodeIgniter.php(354): CodeIgniter\CodeIgniter->handleRequest(null, Object(Config\Cache), false)
 4 SYSTEMPATH\Boot.php(334): CodeIgniter\CodeIgniter->run()
 5 SYSTEMPATH\Boot.php(67): CodeIgniter\Boot::runCodeIgniter(Object(CodeIgniter\CodeIgniter))
 6 FCPATH\index.php(56): CodeIgniter\Boot::bootWeb(Object(Config\Paths))
 7 SYSTEMPATH\rewrite.php(44): require_once('C:\\xampp\\htdocs\\register\\public\\index.php')
CRITICAL - 2025-05-07 04:51:20 --> Error: Class "App\Controllers\EventAttendanceModel" not found
[Method: POST, Route: event/scanQr]
in APPPATH\Controllers\Event.php on line 277.
 1 SYSTEMPATH\CodeIgniter.php(933): App\Controllers\Event->scanQr()
 2 SYSTEMPATH\CodeIgniter.php(507): CodeIgniter\CodeIgniter->runController(Object(App\Controllers\Event))
 3 SYSTEMPATH\CodeIgniter.php(354): CodeIgniter\CodeIgniter->handleRequest(null, Object(Config\Cache), false)
 4 SYSTEMPATH\Boot.php(334): CodeIgniter\CodeIgniter->run()
 5 SYSTEMPATH\Boot.php(67): CodeIgniter\Boot::runCodeIgniter(Object(CodeIgniter\CodeIgniter))
 6 FCPATH\index.php(56): CodeIgniter\Boot::bootWeb(Object(Config\Paths))
 7 SYSTEMPATH\rewrite.php(44): require_once('C:\\xampp\\htdocs\\register\\public\\index.php')
CRITICAL - 2025-05-07 04:51:20 --> Error: Class "App\Controllers\EventAttendanceModel" not found
[Method: POST, Route: event/scanQr]
in APPPATH\Controllers\Event.php on line 277.
 1 SYSTEMPATH\CodeIgniter.php(933): App\Controllers\Event->scanQr()
 2 SYSTEMPATH\CodeIgniter.php(507): CodeIgniter\CodeIgniter->runController(Object(App\Controllers\Event))
 3 SYSTEMPATH\CodeIgniter.php(354): CodeIgniter\CodeIgniter->handleRequest(null, Object(Config\Cache), false)
 4 SYSTEMPATH\Boot.php(334): CodeIgniter\CodeIgniter->run()
 5 SYSTEMPATH\Boot.php(67): CodeIgniter\Boot::runCodeIgniter(Object(CodeIgniter\CodeIgniter))
 6 FCPATH\index.php(56): CodeIgniter\Boot::bootWeb(Object(Config\Paths))
 7 SYSTEMPATH\rewrite.php(44): require_once('C:\\xampp\\htdocs\\register\\public\\index.php')
CRITICAL - 2025-05-07 04:51:21 --> Error: Class "App\Controllers\EventAttendanceModel" not found
[Method: POST, Route: event/scanQr]
in APPPATH\Controllers\Event.php on line 277.
 1 SYSTEMPATH\CodeIgniter.php(933): App\Controllers\Event->scanQr()
 2 SYSTEMPATH\CodeIgniter.php(507): CodeIgniter\CodeIgniter->runController(Object(App\Controllers\Event))
 3 SYSTEMPATH\CodeIgniter.php(354): CodeIgniter\CodeIgniter->handleRequest(null, Object(Config\Cache), false)
 4 SYSTEMPATH\Boot.php(334): CodeIgniter\CodeIgniter->run()
 5 SYSTEMPATH\Boot.php(67): CodeIgniter\Boot::runCodeIgniter(Object(CodeIgniter\CodeIgniter))
 6 FCPATH\index.php(56): CodeIgniter\Boot::bootWeb(Object(Config\Paths))
 7 SYSTEMPATH\rewrite.php(44): require_once('C:\\xampp\\htdocs\\register\\public\\index.php')
CRITICAL - 2025-05-07 04:51:21 --> Error: Class "App\Controllers\EventAttendanceModel" not found
[Method: POST, Route: event/scanQr]
in APPPATH\Controllers\Event.php on line 277.
 1 SYSTEMPATH\CodeIgniter.php(933): App\Controllers\Event->scanQr()
 2 SYSTEMPATH\CodeIgniter.php(507): CodeIgniter\CodeIgniter->runController(Object(App\Controllers\Event))
 3 SYSTEMPATH\CodeIgniter.php(354): CodeIgniter\CodeIgniter->handleRequest(null, Object(Config\Cache), false)
 4 SYSTEMPATH\Boot.php(334): CodeIgniter\CodeIgniter->run()
 5 SYSTEMPATH\Boot.php(67): CodeIgniter\Boot::runCodeIgniter(Object(CodeIgniter\CodeIgniter))
 6 FCPATH\index.php(56): CodeIgniter\Boot::bootWeb(Object(Config\Paths))
 7 SYSTEMPATH\rewrite.php(44): require_once('C:\\xampp\\htdocs\\register\\public\\index.php')
CRITICAL - 2025-05-07 04:51:21 --> Error: Class "App\Controllers\EventAttendanceModel" not found
[Method: POST, Route: event/scanQr]
in APPPATH\Controllers\Event.php on line 277.
 1 SYSTEMPATH\CodeIgniter.php(933): App\Controllers\Event->scanQr()
 2 SYSTEMPATH\CodeIgniter.php(507): CodeIgniter\CodeIgniter->runController(Object(App\Controllers\Event))
 3 SYSTEMPATH\CodeIgniter.php(354): CodeIgniter\CodeIgniter->handleRequest(null, Object(Config\Cache), false)
 4 SYSTEMPATH\Boot.php(334): CodeIgniter\CodeIgniter->run()
 5 SYSTEMPATH\Boot.php(67): CodeIgniter\Boot::runCodeIgniter(Object(CodeIgniter\CodeIgniter))
 6 FCPATH\index.php(56): CodeIgniter\Boot::bootWeb(Object(Config\Paths))
 7 SYSTEMPATH\rewrite.php(44): require_once('C:\\xampp\\htdocs\\register\\public\\index.php')
CRITICAL - 2025-05-07 04:51:22 --> Error: Class "App\Controllers\EventAttendanceModel" not found
[Method: POST, Route: event/scanQr]
in APPPATH\Controllers\Event.php on line 277.
 1 SYSTEMPATH\CodeIgniter.php(933): App\Controllers\Event->scanQr()
 2 SYSTEMPATH\CodeIgniter.php(507): CodeIgniter\CodeIgniter->runController(Object(App\Controllers\Event))
 3 SYSTEMPATH\CodeIgniter.php(354): CodeIgniter\CodeIgniter->handleRequest(null, Object(Config\Cache), false)
 4 SYSTEMPATH\Boot.php(334): CodeIgniter\CodeIgniter->run()
 5 SYSTEMPATH\Boot.php(67): CodeIgniter\Boot::runCodeIgniter(Object(CodeIgniter\CodeIgniter))
 6 FCPATH\index.php(56): CodeIgniter\Boot::bootWeb(Object(Config\Paths))
 7 SYSTEMPATH\rewrite.php(44): require_once('C:\\xampp\\htdocs\\register\\public\\index.php')
CRITICAL - 2025-05-07 04:51:22 --> Error: Class "App\Controllers\EventAttendanceModel" not found
[Method: POST, Route: event/scanQr]
in APPPATH\Controllers\Event.php on line 277.
 1 SYSTEMPATH\CodeIgniter.php(933): App\Controllers\Event->scanQr()
 2 SYSTEMPATH\CodeIgniter.php(507): CodeIgniter\CodeIgniter->runController(Object(App\Controllers\Event))
 3 SYSTEMPATH\CodeIgniter.php(354): CodeIgniter\CodeIgniter->handleRequest(null, Object(Config\Cache), false)
 4 SYSTEMPATH\Boot.php(334): CodeIgniter\CodeIgniter->run()
 5 SYSTEMPATH\Boot.php(67): CodeIgniter\Boot::runCodeIgniter(Object(CodeIgniter\CodeIgniter))
 6 FCPATH\index.php(56): CodeIgniter\Boot::bootWeb(Object(Config\Paths))
 7 SYSTEMPATH\rewrite.php(44): require_once('C:\\xampp\\htdocs\\register\\public\\index.php')
CRITICAL - 2025-05-07 04:51:22 --> Error: Class "App\Controllers\EventAttendanceModel" not found
[Method: POST, Route: event/scanQr]
in APPPATH\Controllers\Event.php on line 277.
 1 SYSTEMPATH\CodeIgniter.php(933): App\Controllers\Event->scanQr()
 2 SYSTEMPATH\CodeIgniter.php(507): CodeIgniter\CodeIgniter->runController(Object(App\Controllers\Event))
 3 SYSTEMPATH\CodeIgniter.php(354): CodeIgniter\CodeIgniter->handleRequest(null, Object(Config\Cache), false)
 4 SYSTEMPATH\Boot.php(334): CodeIgniter\CodeIgniter->run()
 5 SYSTEMPATH\Boot.php(67): CodeIgniter\Boot::runCodeIgniter(Object(CodeIgniter\CodeIgniter))
 6 FCPATH\index.php(56): CodeIgniter\Boot::bootWeb(Object(Config\Paths))
 7 SYSTEMPATH\rewrite.php(44): require_once('C:\\xampp\\htdocs\\register\\public\\index.php')
CRITICAL - 2025-05-07 04:51:23 --> Error: Class "App\Controllers\EventAttendanceModel" not found
[Method: POST, Route: event/scanQr]
in APPPATH\Controllers\Event.php on line 277.
 1 SYSTEMPATH\CodeIgniter.php(933): App\Controllers\Event->scanQr()
 2 SYSTEMPATH\CodeIgniter.php(507): CodeIgniter\CodeIgniter->runController(Object(App\Controllers\Event))
 3 SYSTEMPATH\CodeIgniter.php(354): CodeIgniter\CodeIgniter->handleRequest(null, Object(Config\Cache), false)
 4 SYSTEMPATH\Boot.php(334): CodeIgniter\CodeIgniter->run()
 5 SYSTEMPATH\Boot.php(67): CodeIgniter\Boot::runCodeIgniter(Object(CodeIgniter\CodeIgniter))
 6 FCPATH\index.php(56): CodeIgniter\Boot::bootWeb(Object(Config\Paths))
 7 SYSTEMPATH\rewrite.php(44): require_once('C:\\xampp\\htdocs\\register\\public\\index.php')
CRITICAL - 2025-05-07 04:51:23 --> Error: Class "App\Controllers\EventAttendanceModel" not found
[Method: POST, Route: event/scanQr]
in APPPATH\Controllers\Event.php on line 277.
 1 SYSTEMPATH\CodeIgniter.php(933): App\Controllers\Event->scanQr()
 2 SYSTEMPATH\CodeIgniter.php(507): CodeIgniter\CodeIgniter->runController(Object(App\Controllers\Event))
 3 SYSTEMPATH\CodeIgniter.php(354): CodeIgniter\CodeIgniter->handleRequest(null, Object(Config\Cache), false)
 4 SYSTEMPATH\Boot.php(334): CodeIgniter\CodeIgniter->run()
 5 SYSTEMPATH\Boot.php(67): CodeIgniter\Boot::runCodeIgniter(Object(CodeIgniter\CodeIgniter))
 6 FCPATH\index.php(56): CodeIgniter\Boot::bootWeb(Object(Config\Paths))
 7 SYSTEMPATH\rewrite.php(44): require_once('C:\\xampp\\htdocs\\register\\public\\index.php')
CRITICAL - 2025-05-07 04:51:23 --> Error: Class "App\Controllers\EventAttendanceModel" not found
[Method: POST, Route: event/scanQr]
in APPPATH\Controllers\Event.php on line 277.
 1 SYSTEMPATH\CodeIgniter.php(933): App\Controllers\Event->scanQr()
 2 SYSTEMPATH\CodeIgniter.php(507): CodeIgniter\CodeIgniter->runController(Object(App\Controllers\Event))
 3 SYSTEMPATH\CodeIgniter.php(354): CodeIgniter\CodeIgniter->handleRequest(null, Object(Config\Cache), false)
 4 SYSTEMPATH\Boot.php(334): CodeIgniter\CodeIgniter->run()
 5 SYSTEMPATH\Boot.php(67): CodeIgniter\Boot::runCodeIgniter(Object(CodeIgniter\CodeIgniter))
 6 FCPATH\index.php(56): CodeIgniter\Boot::bootWeb(Object(Config\Paths))
 7 SYSTEMPATH\rewrite.php(44): require_once('C:\\xampp\\htdocs\\register\\public\\index.php')
CRITICAL - 2025-05-07 04:51:24 --> Error: Class "App\Controllers\EventAttendanceModel" not found
[Method: POST, Route: event/scanQr]
in APPPATH\Controllers\Event.php on line 277.
 1 SYSTEMPATH\CodeIgniter.php(933): App\Controllers\Event->scanQr()
 2 SYSTEMPATH\CodeIgniter.php(507): CodeIgniter\CodeIgniter->runController(Object(App\Controllers\Event))
 3 SYSTEMPATH\CodeIgniter.php(354): CodeIgniter\CodeIgniter->handleRequest(null, Object(Config\Cache), false)
 4 SYSTEMPATH\Boot.php(334): CodeIgniter\CodeIgniter->run()
 5 SYSTEMPATH\Boot.php(67): CodeIgniter\Boot::runCodeIgniter(Object(CodeIgniter\CodeIgniter))
 6 FCPATH\index.php(56): CodeIgniter\Boot::bootWeb(Object(Config\Paths))
 7 SYSTEMPATH\rewrite.php(44): require_once('C:\\xampp\\htdocs\\register\\public\\index.php')
CRITICAL - 2025-05-07 04:51:25 --> Error: Class "App\Controllers\EventAttendanceModel" not found
[Method: POST, Route: event/scanQr]
in APPPATH\Controllers\Event.php on line 277.
 1 SYSTEMPATH\CodeIgniter.php(933): App\Controllers\Event->scanQr()
 2 SYSTEMPATH\CodeIgniter.php(507): CodeIgniter\CodeIgniter->runController(Object(App\Controllers\Event))
 3 SYSTEMPATH\CodeIgniter.php(354): CodeIgniter\CodeIgniter->handleRequest(null, Object(Config\Cache), false)
 4 SYSTEMPATH\Boot.php(334): CodeIgniter\CodeIgniter->run()
 5 SYSTEMPATH\Boot.php(67): CodeIgniter\Boot::runCodeIgniter(Object(CodeIgniter\CodeIgniter))
 6 FCPATH\index.php(56): CodeIgniter\Boot::bootWeb(Object(Config\Paths))
 7 SYSTEMPATH\rewrite.php(44): require_once('C:\\xampp\\htdocs\\register\\public\\index.php')
CRITICAL - 2025-05-07 04:51:25 --> Error: Class "App\Controllers\EventAttendanceModel" not found
[Method: POST, Route: event/scanQr]
in APPPATH\Controllers\Event.php on line 277.
 1 SYSTEMPATH\CodeIgniter.php(933): App\Controllers\Event->scanQr()
 2 SYSTEMPATH\CodeIgniter.php(507): CodeIgniter\CodeIgniter->runController(Object(App\Controllers\Event))
 3 SYSTEMPATH\CodeIgniter.php(354): CodeIgniter\CodeIgniter->handleRequest(null, Object(Config\Cache), false)
 4 SYSTEMPATH\Boot.php(334): CodeIgniter\CodeIgniter->run()
 5 SYSTEMPATH\Boot.php(67): CodeIgniter\Boot::runCodeIgniter(Object(CodeIgniter\CodeIgniter))
 6 FCPATH\index.php(56): CodeIgniter\Boot::bootWeb(Object(Config\Paths))
 7 SYSTEMPATH\rewrite.php(44): require_once('C:\\xampp\\htdocs\\register\\public\\index.php')
DEBUG - 2025-05-07 04:52:58 --> Session: Class initialized using 'CodeIgniter\Session\Handlers\FileHandler' driver.
DEBUG - 2025-05-07 04:53:09 --> Session: Class initialized using 'CodeIgniter\Session\Handlers\FileHandler' driver.
DEBUG - 2025-05-07 04:53:09 --> Session: Class initialized using 'CodeIgniter\Session\Handlers\FileHandler' driver.
DEBUG - 2025-05-07 04:53:14 --> Session: Class initialized using 'CodeIgniter\Session\Handlers\FileHandler' driver.
DEBUG - 2025-05-07 04:53:17 --> Session: Class initialized using 'CodeIgniter\Session\Handlers\FileHandler' driver.
DEBUG - 2025-05-07 04:54:02 --> Session: Class initialized using 'CodeIgniter\Session\Handlers\FileHandler' driver.
DEBUG - 2025-05-07 04:54:04 --> Session: Class initialized using 'CodeIgniter\Session\Handlers\FileHandler' driver.
DEBUG - 2025-05-07 04:54:19 --> Session: Class initialized using 'CodeIgniter\Session\Handlers\FileHandler' driver.
DEBUG - 2025-05-07 04:54:19 --> Session: Class initialized using 'CodeIgniter\Session\Handlers\FileHandler' driver.
CRITICAL - 2025-05-07 05:33:23 --> CodeIgniter\Session\Exceptions\SessionException: Session: Configured save path "C:\xampp\htdocs\register\writable\session" is not writable by the PHP process.
[Method: POST, Route: login]
in SYSTEMPATH\Session\Handlers\FileHandler.php on line 103.
 1 SYSTEMPATH\Session\Handlers\FileHandler.php(103): CodeIgniter\Session\Exceptions\SessionException::forWriteProtectedSavePath('C:\\xampp\\htdocs\\register\\writable\\session')
 2 [internal function]: CodeIgniter\Session\Handlers\FileHandler->open('C:\\xampp\\htdocs\\register\\writable\\session', 'ci_session')
 3 SYSTEMPATH\Session\Session.php(896): session_start()
 4 SYSTEMPATH\Session\Session.php(242): CodeIgniter\Session\Session->startSession()
 5 SYSTEMPATH\Config\Services.php(710): CodeIgniter\Session\Session->start()
 6 SYSTEMPATH\Config\BaseService.php(312): CodeIgniter\Config\Services::session(Object(Config\Session), false)
 7 SYSTEMPATH\Config\BaseService.php(251): CodeIgniter\Config\BaseService::__callStatic('session', [...])
 8 SYSTEMPATH\Config\Services.php(668): CodeIgniter\Config\BaseService::getSharedInstance('session', null)
 9 SYSTEMPATH\Config\BaseService.php(321): CodeIgniter\Config\Services::session()
10 SYSTEMPATH\Config\BaseService.php(202): CodeIgniter\Config\BaseService::__callStatic('session', [])
11 SYSTEMPATH\Common.php(1000): CodeIgniter\Config\BaseService::get('session')
12 SYSTEMPATH\Common.php(973): service('session')
13 APPPATH\Controllers\Auth.php(28): session()
14 SYSTEMPATH\CodeIgniter.php(933): App\Controllers\Auth->loginProcess()
15 SYSTEMPATH\CodeIgniter.php(507): CodeIgniter\CodeIgniter->runController(Object(App\Controllers\Auth))
16 SYSTEMPATH\CodeIgniter.php(354): CodeIgniter\CodeIgniter->handleRequest(null, Object(Config\Cache), false)
17 SYSTEMPATH\Boot.php(334): CodeIgniter\CodeIgniter->run()
18 SYSTEMPATH\Boot.php(67): CodeIgniter\Boot::runCodeIgniter(Object(CodeIgniter\CodeIgniter))
19 FCPATH\index.php(56): CodeIgniter\Boot::bootWeb(Object(Config\Paths))
20 SYSTEMPATH\rewrite.php(44): require_once('C:\\xampp\\htdocs\\register\\public\\index.php')
CRITICAL - 2025-05-07 05:34:08 --> CodeIgniter\Session\Exceptions\SessionException: Session: Configured save path "C:\xampp\htdocs\register\writable\session" is not writable by the PHP process.
[Method: POST, Route: login]
in SYSTEMPATH\Session\Handlers\FileHandler.php on line 103.
 1 SYSTEMPATH\Session\Handlers\FileHandler.php(103): CodeIgniter\Session\Exceptions\SessionException::forWriteProtectedSavePath('C:\\xampp\\htdocs\\register\\writable\\session')
 2 [internal function]: CodeIgniter\Session\Handlers\FileHandler->open('C:\\xampp\\htdocs\\register\\writable\\session', 'ci_session')
 3 SYSTEMPATH\Session\Session.php(896): session_start()
 4 SYSTEMPATH\Session\Session.php(242): CodeIgniter\Session\Session->startSession()
 5 SYSTEMPATH\Config\Services.php(710): CodeIgniter\Session\Session->start()
 6 SYSTEMPATH\Config\BaseService.php(312): CodeIgniter\Config\Services::session(Object(Config\Session), false)
 7 SYSTEMPATH\Config\BaseService.php(251): CodeIgniter\Config\BaseService::__callStatic('session', [...])
 8 SYSTEMPATH\Config\Services.php(668): CodeIgniter\Config\BaseService::getSharedInstance('session', null)
 9 SYSTEMPATH\Config\BaseService.php(321): CodeIgniter\Config\Services::session()
10 SYSTEMPATH\Config\BaseService.php(202): CodeIgniter\Config\BaseService::__callStatic('session', [])
11 SYSTEMPATH\Common.php(1000): CodeIgniter\Config\BaseService::get('session')
12 SYSTEMPATH\Common.php(973): service('session')
13 APPPATH\Controllers\Auth.php(28): session()
14 SYSTEMPATH\CodeIgniter.php(933): App\Controllers\Auth->loginProcess()
15 SYSTEMPATH\CodeIgniter.php(507): CodeIgniter\CodeIgniter->runController(Object(App\Controllers\Auth))
16 SYSTEMPATH\CodeIgniter.php(354): CodeIgniter\CodeIgniter->handleRequest(null, Object(Config\Cache), false)
17 SYSTEMPATH\Boot.php(334): CodeIgniter\CodeIgniter->run()
18 SYSTEMPATH\Boot.php(67): CodeIgniter\Boot::runCodeIgniter(Object(CodeIgniter\CodeIgniter))
19 FCPATH\index.php(56): CodeIgniter\Boot::bootWeb(Object(Config\Paths))
20 SYSTEMPATH\rewrite.php(44): require_once('C:\\xampp\\htdocs\\register\\public\\index.php')
CRITICAL - 2025-05-07 05:36:33 --> CodeIgniter\Session\Exceptions\SessionException: Session: Configured save path "C:\xampp\htdocs\register\writable\session" is not writable by the PHP process.
[Method: POST, Route: login]
in SYSTEMPATH\Session\Handlers\FileHandler.php on line 103.
 1 SYSTEMPATH\Session\Handlers\FileHandler.php(103): CodeIgniter\Session\Exceptions\SessionException::forWriteProtectedSavePath('C:\\xampp\\htdocs\\register\\writable\\session')
 2 [internal function]: CodeIgniter\Session\Handlers\FileHandler->open('C:\\xampp\\htdocs\\register\\writable\\session', 'ci_session')
 3 SYSTEMPATH\Session\Session.php(896): session_start()
 4 SYSTEMPATH\Session\Session.php(242): CodeIgniter\Session\Session->startSession()
 5 SYSTEMPATH\Config\Services.php(710): CodeIgniter\Session\Session->start()
 6 SYSTEMPATH\Config\BaseService.php(312): CodeIgniter\Config\Services::session(Object(Config\Session), false)
 7 SYSTEMPATH\Config\BaseService.php(251): CodeIgniter\Config\BaseService::__callStatic('session', [...])
 8 SYSTEMPATH\Config\Services.php(668): CodeIgniter\Config\BaseService::getSharedInstance('session', null)
 9 SYSTEMPATH\Config\BaseService.php(321): CodeIgniter\Config\Services::session()
10 SYSTEMPATH\Config\BaseService.php(202): CodeIgniter\Config\BaseService::__callStatic('session', [])
11 SYSTEMPATH\Common.php(1000): CodeIgniter\Config\BaseService::get('session')
12 SYSTEMPATH\Common.php(973): service('session')
13 APPPATH\Controllers\Auth.php(28): session()
14 SYSTEMPATH\CodeIgniter.php(933): App\Controllers\Auth->loginProcess()
15 SYSTEMPATH\CodeIgniter.php(507): CodeIgniter\CodeIgniter->runController(Object(App\Controllers\Auth))
16 SYSTEMPATH\CodeIgniter.php(354): CodeIgniter\CodeIgniter->handleRequest(null, Object(Config\Cache), false)
17 SYSTEMPATH\Boot.php(334): CodeIgniter\CodeIgniter->run()
18 SYSTEMPATH\Boot.php(67): CodeIgniter\Boot::runCodeIgniter(Object(CodeIgniter\CodeIgniter))
19 FCPATH\index.php(56): CodeIgniter\Boot::bootWeb(Object(Config\Paths))
20 SYSTEMPATH\rewrite.php(44): require_once('C:\\xampp\\htdocs\\register\\public\\index.php')
DEBUG - 2025-05-07 06:40:29 --> Session: Class initialized using 'CodeIgniter\Session\Handlers\FileHandler' driver.
DEBUG - 2025-05-07 06:40:29 --> Session: Class initialized using 'CodeIgniter\Session\Handlers\FileHandler' driver.
DEBUG - 2025-05-07 06:40:38 --> Session: Class initialized using 'CodeIgniter\Session\Handlers\FileHandler' driver.
DEBUG - 2025-05-07 06:40:54 --> Session: Class initialized using 'CodeIgniter\Session\Handlers\FileHandler' driver.
DEBUG - 2025-05-07 06:40:54 --> Session: Class initialized using 'CodeIgniter\Session\Handlers\FileHandler' driver.
DEBUG - 2025-05-07 06:44:39 --> Session: Class initialized using 'CodeIgniter\Session\Handlers\FileHandler' driver.
DEBUG - 2025-05-07 06:44:44 --> Session: Class initialized using 'CodeIgniter\Session\Handlers\FileHandler' driver.
DEBUG - 2025-05-07 06:44:47 --> Session: Class initialized using 'CodeIgniter\Session\Handlers\FileHandler' driver.
DEBUG - 2025-05-07 06:44:51 --> Session: Class initialized using 'CodeIgniter\Session\Handlers\FileHandler' driver.
DEBUG - 2025-05-07 06:53:24 --> Session: Class initialized using 'CodeIgniter\Session\Handlers\FileHandler' driver.
DEBUG - 2025-05-07 07:19:45 --> Session: Class initialized using 'CodeIgniter\Session\Handlers\FileHandler' driver.
DEBUG - 2025-05-07 07:19:47 --> Session: Class initialized using 'CodeIgniter\Session\Handlers\FileHandler' driver.
ERROR - 2025-05-07 07:19:47 --> mysqli_sql_exception: Unknown column 'attendances.id' in 'field list' in C:\xampp\htdocs\register (1)\register\system\Database\MySQLi\Connection.php:327
Stack trace:
#0 C:\xampp\htdocs\register (1)\register\system\Database\MySQLi\Connection.php(327): mysqli->query('SELECT `attenda...', 0)
#1 C:\xampp\htdocs\register (1)\register\system\Database\BaseConnection.php(738): CodeIgniter\Database\MySQLi\Connection->execute('SELECT `attenda...')
#2 C:\xampp\htdocs\register (1)\register\system\Database\BaseConnection.php(652): CodeIgniter\Database\BaseConnection->simpleQuery('SELECT `attenda...')
#3 C:\xampp\htdocs\register (1)\register\system\Database\BaseBuilder.php(1649): CodeIgniter\Database\BaseConnection->query('SELECT `attenda...', Array, false)
#4 C:\xampp\htdocs\register (1)\register\system\Model.php(286): CodeIgniter\Database\BaseBuilder->get()
#5 C:\xampp\htdocs\register (1)\register\system\BaseModel.php(675): CodeIgniter\Model->doFindAll(0, 0)
#6 C:\xampp\htdocs\register (1)\register\app\Controllers\Event.php(322): CodeIgniter\BaseModel->findAll()
#7 C:\xampp\htdocs\register (1)\register\system\CodeIgniter.php(933): App\Controllers\Event->attendanceList()
#8 C:\xampp\htdocs\register (1)\register\system\CodeIgniter.php(507): CodeIgniter\CodeIgniter->runController(Object(App\Controllers\Event))
#9 C:\xampp\htdocs\register (1)\register\system\CodeIgniter.php(354): CodeIgniter\CodeIgniter->handleRequest(NULL, Object(Config\Cache), false)
#10 C:\xampp\htdocs\register (1)\register\system\Boot.php(334): CodeIgniter\CodeIgniter->run()
#11 C:\xampp\htdocs\register (1)\register\system\Boot.php(67): CodeIgniter\Boot::runCodeIgniter(Object(CodeIgniter\CodeIgniter))
#12 C:\xampp\htdocs\register (1)\register\public\index.php(56): CodeIgniter\Boot::bootWeb(Object(Config\Paths))
#13 C:\xampp\htdocs\register (1)\register\system\rewrite.php(44): require_once('C:\\xampp\\htdocs...')
#14 {main}
CRITICAL - 2025-05-07 07:19:47 --> CodeIgniter\Database\Exceptions\DatabaseException: Unknown column 'attendances.id' in 'field list'
[Method: GET, Route: admin/attendance]
in SYSTEMPATH\Database\BaseConnection.php on line 692.
 1 SYSTEMPATH\Database\BaseBuilder.php(1649): CodeIgniter\Database\BaseConnection->query('SELECT `attendances`.`id` as `attendance_id`, `events`.`name` as `event_name`, `events`.`date` as `event_date`, `users`.`full_name`, `users`.`nip`, `users`.`institution`, `attendances`.`created_at`
FROM `event_attendance`
JOIN `event_registrations` ON `event_registrations`.`id` = `attendances`.`registration_id`
JOIN `users` ON `users`.`id` = `event_registrations`.`user_id`
JOIN `events` ON `events`.`id` = `event_registrations`.`event_id`
ORDER BY `attendances`.`created_at` DESC', [], false)
 2 SYSTEMPATH\Model.php(286): CodeIgniter\Database\BaseBuilder->get()
 3 SYSTEMPATH\BaseModel.php(675): CodeIgniter\Model->doFindAll(0, 0)
 4 APPPATH\Controllers\Event.php(322): CodeIgniter\BaseModel->findAll()
 5 SYSTEMPATH\CodeIgniter.php(933): App\Controllers\Event->attendanceList()
 6 SYSTEMPATH\CodeIgniter.php(507): CodeIgniter\CodeIgniter->runController(Object(App\Controllers\Event))
 7 SYSTEMPATH\CodeIgniter.php(354): CodeIgniter\CodeIgniter->handleRequest(null, Object(Config\Cache), false)
 8 SYSTEMPATH\Boot.php(334): CodeIgniter\CodeIgniter->run()
 9 SYSTEMPATH\Boot.php(67): CodeIgniter\Boot::runCodeIgniter(Object(CodeIgniter\CodeIgniter))
10 FCPATH\index.php(56): CodeIgniter\Boot::bootWeb(Object(Config\Paths))
11 SYSTEMPATH\rewrite.php(44): require_once('C:\\xampp\\htdocs\\register (1)\\register\\public\\index.php')
CRITICAL - 2025-05-07 07:19:47 --> [Caused by] CodeIgniter\Database\Exceptions\DatabaseException: Unknown column 'attendances.id' in 'field list'
in SYSTEMPATH\Database\MySQLi\Connection.php on line 332.
 1 SYSTEMPATH\Database\BaseConnection.php(738): CodeIgniter\Database\MySQLi\Connection->execute('SELECT `attendances`.`id` as `attendance_id`, `events`.`name` as `event_name`, `events`.`date` as `event_date`, `users`.`full_name`, `users`.`nip`, `users`.`institution`, `attendances`.`created_at`
FROM `event_attendance`
JOIN `event_registrations` ON `event_registrations`.`id` = `attendances`.`registration_id`
JOIN `users` ON `users`.`id` = `event_registrations`.`user_id`
JOIN `events` ON `events`.`id` = `event_registrations`.`event_id`
ORDER BY `attendances`.`created_at` DESC')
 2 SYSTEMPATH\Database\BaseConnection.php(652): CodeIgniter\Database\BaseConnection->simpleQuery('SELECT `attendances`.`id` as `attendance_id`, `events`.`name` as `event_name`, `events`.`date` as `event_date`, `users`.`full_name`, `users`.`nip`, `users`.`institution`, `attendances`.`created_at`
FROM `event_attendance`
JOIN `event_registrations` ON `event_registrations`.`id` = `attendances`.`registration_id`
JOIN `users` ON `users`.`id` = `event_registrations`.`user_id`
JOIN `events` ON `events`.`id` = `event_registrations`.`event_id`
ORDER BY `attendances`.`created_at` DESC')
 3 SYSTEMPATH\Database\BaseBuilder.php(1649): CodeIgniter\Database\BaseConnection->query('SELECT `attendances`.`id` as `attendance_id`, `events`.`name` as `event_name`, `events`.`date` as `event_date`, `users`.`full_name`, `users`.`nip`, `users`.`institution`, `attendances`.`created_at`
FROM `event_attendance`
JOIN `event_registrations` ON `event_registrations`.`id` = `attendances`.`registration_id`
JOIN `users` ON `users`.`id` = `event_registrations`.`user_id`
JOIN `events` ON `events`.`id` = `event_registrations`.`event_id`
ORDER BY `attendances`.`created_at` DESC', [], false)
 4 SYSTEMPATH\Model.php(286): CodeIgniter\Database\BaseBuilder->get()
 5 SYSTEMPATH\BaseModel.php(675): CodeIgniter\Model->doFindAll(0, 0)
 6 APPPATH\Controllers\Event.php(322): CodeIgniter\BaseModel->findAll()
 7 SYSTEMPATH\CodeIgniter.php(933): App\Controllers\Event->attendanceList()
 8 SYSTEMPATH\CodeIgniter.php(507): CodeIgniter\CodeIgniter->runController(Object(App\Controllers\Event))
 9 SYSTEMPATH\CodeIgniter.php(354): CodeIgniter\CodeIgniter->handleRequest(null, Object(Config\Cache), false)
10 SYSTEMPATH\Boot.php(334): CodeIgniter\CodeIgniter->run()
11 SYSTEMPATH\Boot.php(67): CodeIgniter\Boot::runCodeIgniter(Object(CodeIgniter\CodeIgniter))
12 FCPATH\index.php(56): CodeIgniter\Boot::bootWeb(Object(Config\Paths))
13 SYSTEMPATH\rewrite.php(44): require_once('C:\\xampp\\htdocs\\register (1)\\register\\public\\index.php')
CRITICAL - 2025-05-07 07:19:47 --> [Caused by] mysqli_sql_exception: Unknown column 'attendances.id' in 'field list'
in SYSTEMPATH\Database\MySQLi\Connection.php on line 327.
 1 SYSTEMPATH\Database\MySQLi\Connection.php(327): mysqli->query('SELECT `attendances`.`id` as `attendance_id`, `events`.`name` as `event_name`, `events`.`date` as `event_date`, `users`.`full_name`, `users`.`nip`, `users`.`institution`, `attendances`.`created_at`
FROM `event_attendance`
JOIN `event_registrations` ON `event_registrations`.`id` = `attendances`.`registration_id`
JOIN `users` ON `users`.`id` = `event_registrations`.`user_id`
JOIN `events` ON `events`.`id` = `event_registrations`.`event_id`
ORDER BY `attendances`.`created_at` DESC', 0)
 2 SYSTEMPATH\Database\BaseConnection.php(738): CodeIgniter\Database\MySQLi\Connection->execute('SELECT `attendances`.`id` as `attendance_id`, `events`.`name` as `event_name`, `events`.`date` as `event_date`, `users`.`full_name`, `users`.`nip`, `users`.`institution`, `attendances`.`created_at`
FROM `event_attendance`
JOIN `event_registrations` ON `event_registrations`.`id` = `attendances`.`registration_id`
JOIN `users` ON `users`.`id` = `event_registrations`.`user_id`
JOIN `events` ON `events`.`id` = `event_registrations`.`event_id`
ORDER BY `attendances`.`created_at` DESC')
 3 SYSTEMPATH\Database\BaseConnection.php(652): CodeIgniter\Database\BaseConnection->simpleQuery('SELECT `attendances`.`id` as `attendance_id`, `events`.`name` as `event_name`, `events`.`date` as `event_date`, `users`.`full_name`, `users`.`nip`, `users`.`institution`, `attendances`.`created_at`
FROM `event_attendance`
JOIN `event_registrations` ON `event_registrations`.`id` = `attendances`.`registration_id`
JOIN `users` ON `users`.`id` = `event_registrations`.`user_id`
JOIN `events` ON `events`.`id` = `event_registrations`.`event_id`
ORDER BY `attendances`.`created_at` DESC')
 4 SYSTEMPATH\Database\BaseBuilder.php(1649): CodeIgniter\Database\BaseConnection->query('SELECT `attendances`.`id` as `attendance_id`, `events`.`name` as `event_name`, `events`.`date` as `event_date`, `users`.`full_name`, `users`.`nip`, `users`.`institution`, `attendances`.`created_at`
FROM `event_attendance`
JOIN `event_registrations` ON `event_registrations`.`id` = `attendances`.`registration_id`
JOIN `users` ON `users`.`id` = `event_registrations`.`user_id`
JOIN `events` ON `events`.`id` = `event_registrations`.`event_id`
ORDER BY `attendances`.`created_at` DESC', [], false)
 5 SYSTEMPATH\Model.php(286): CodeIgniter\Database\BaseBuilder->get()
 6 SYSTEMPATH\BaseModel.php(675): CodeIgniter\Model->doFindAll(0, 0)
 7 APPPATH\Controllers\Event.php(322): CodeIgniter\BaseModel->findAll()
 8 SYSTEMPATH\CodeIgniter.php(933): App\Controllers\Event->attendanceList()
 9 SYSTEMPATH\CodeIgniter.php(507): CodeIgniter\CodeIgniter->runController(Object(App\Controllers\Event))
10 SYSTEMPATH\CodeIgniter.php(354): CodeIgniter\CodeIgniter->handleRequest(null, Object(Config\Cache), false)
11 SYSTEMPATH\Boot.php(334): CodeIgniter\CodeIgniter->run()
12 SYSTEMPATH\Boot.php(67): CodeIgniter\Boot::runCodeIgniter(Object(CodeIgniter\CodeIgniter))
13 FCPATH\index.php(56): CodeIgniter\Boot::bootWeb(Object(Config\Paths))
14 SYSTEMPATH\rewrite.php(44): require_once('C:\\xampp\\htdocs\\register (1)\\register\\public\\index.php')
DEBUG - 2025-05-07 07:24:33 --> Session: Class initialized using 'CodeIgniter\Session\Handlers\FileHandler' driver.
ERROR - 2025-05-07 07:24:33 --> mysqli_sql_exception: Unknown column 'attendances.created_at' in 'field list' in C:\xampp\htdocs\register (1)\register\system\Database\MySQLi\Connection.php:327
Stack trace:
#0 C:\xampp\htdocs\register (1)\register\system\Database\MySQLi\Connection.php(327): mysqli->query('SELECT `event_a...', 0)
#1 C:\xampp\htdocs\register (1)\register\system\Database\BaseConnection.php(738): CodeIgniter\Database\MySQLi\Connection->execute('SELECT `event_a...')
#2 C:\xampp\htdocs\register (1)\register\system\Database\BaseConnection.php(652): CodeIgniter\Database\BaseConnection->simpleQuery('SELECT `event_a...')
#3 C:\xampp\htdocs\register (1)\register\system\Database\BaseBuilder.php(1649): CodeIgniter\Database\BaseConnection->query('SELECT `event_a...', Array, false)
#4 C:\xampp\htdocs\register (1)\register\system\Model.php(286): CodeIgniter\Database\BaseBuilder->get()
#5 C:\xampp\htdocs\register (1)\register\system\BaseModel.php(675): CodeIgniter\Model->doFindAll(0, 0)
#6 C:\xampp\htdocs\register (1)\register\app\Controllers\Event.php(322): CodeIgniter\BaseModel->findAll()
#7 C:\xampp\htdocs\register (1)\register\system\CodeIgniter.php(933): App\Controllers\Event->attendanceList()
#8 C:\xampp\htdocs\register (1)\register\system\CodeIgniter.php(507): CodeIgniter\CodeIgniter->runController(Object(App\Controllers\Event))
#9 C:\xampp\htdocs\register (1)\register\system\CodeIgniter.php(354): CodeIgniter\CodeIgniter->handleRequest(NULL, Object(Config\Cache), false)
#10 C:\xampp\htdocs\register (1)\register\system\Boot.php(334): CodeIgniter\CodeIgniter->run()
#11 C:\xampp\htdocs\register (1)\register\system\Boot.php(67): CodeIgniter\Boot::runCodeIgniter(Object(CodeIgniter\CodeIgniter))
#12 C:\xampp\htdocs\register (1)\register\public\index.php(56): CodeIgniter\Boot::bootWeb(Object(Config\Paths))
#13 C:\xampp\htdocs\register (1)\register\system\rewrite.php(44): require_once('C:\\xampp\\htdocs...')
#14 {main}
CRITICAL - 2025-05-07 07:24:33 --> CodeIgniter\Database\Exceptions\DatabaseException: Unknown column 'attendances.created_at' in 'field list'
[Method: GET, Route: admin/attendance]
in SYSTEMPATH\Database\BaseConnection.php on line 692.
 1 SYSTEMPATH\Database\BaseBuilder.php(1649): CodeIgniter\Database\BaseConnection->query('SELECT `event_attendance`.`id` as `attendance_id`, `events`.`name` as `event_name`, `events`.`date` as `event_date`, `users`.`full_name`, `users`.`nip`, `users`.`institution`, `attendances`.`created_at`
FROM `event_attendance`
JOIN `event_registrations` ON `event_registrations`.`id` = `attendances`.`registration_id`
JOIN `users` ON `users`.`id` = `event_registrations`.`user_id`
JOIN `events` ON `events`.`id` = `event_registrations`.`event_id`
ORDER BY `attendances`.`created_at` DESC', [], false)
 2 SYSTEMPATH\Model.php(286): CodeIgniter\Database\BaseBuilder->get()
 3 SYSTEMPATH\BaseModel.php(675): CodeIgniter\Model->doFindAll(0, 0)
 4 APPPATH\Controllers\Event.php(322): CodeIgniter\BaseModel->findAll()
 5 SYSTEMPATH\CodeIgniter.php(933): App\Controllers\Event->attendanceList()
 6 SYSTEMPATH\CodeIgniter.php(507): CodeIgniter\CodeIgniter->runController(Object(App\Controllers\Event))
 7 SYSTEMPATH\CodeIgniter.php(354): CodeIgniter\CodeIgniter->handleRequest(null, Object(Config\Cache), false)
 8 SYSTEMPATH\Boot.php(334): CodeIgniter\CodeIgniter->run()
 9 SYSTEMPATH\Boot.php(67): CodeIgniter\Boot::runCodeIgniter(Object(CodeIgniter\CodeIgniter))
10 FCPATH\index.php(56): CodeIgniter\Boot::bootWeb(Object(Config\Paths))
11 SYSTEMPATH\rewrite.php(44): require_once('C:\\xampp\\htdocs\\register (1)\\register\\public\\index.php')
CRITICAL - 2025-05-07 07:24:33 --> [Caused by] CodeIgniter\Database\Exceptions\DatabaseException: Unknown column 'attendances.created_at' in 'field list'
in SYSTEMPATH\Database\MySQLi\Connection.php on line 332.
 1 SYSTEMPATH\Database\BaseConnection.php(738): CodeIgniter\Database\MySQLi\Connection->execute('SELECT `event_attendance`.`id` as `attendance_id`, `events`.`name` as `event_name`, `events`.`date` as `event_date`, `users`.`full_name`, `users`.`nip`, `users`.`institution`, `attendances`.`created_at`
FROM `event_attendance`
JOIN `event_registrations` ON `event_registrations`.`id` = `attendances`.`registration_id`
JOIN `users` ON `users`.`id` = `event_registrations`.`user_id`
JOIN `events` ON `events`.`id` = `event_registrations`.`event_id`
ORDER BY `attendances`.`created_at` DESC')
 2 SYSTEMPATH\Database\BaseConnection.php(652): CodeIgniter\Database\BaseConnection->simpleQuery('SELECT `event_attendance`.`id` as `attendance_id`, `events`.`name` as `event_name`, `events`.`date` as `event_date`, `users`.`full_name`, `users`.`nip`, `users`.`institution`, `attendances`.`created_at`
FROM `event_attendance`
JOIN `event_registrations` ON `event_registrations`.`id` = `attendances`.`registration_id`
JOIN `users` ON `users`.`id` = `event_registrations`.`user_id`
JOIN `events` ON `events`.`id` = `event_registrations`.`event_id`
ORDER BY `attendances`.`created_at` DESC')
 3 SYSTEMPATH\Database\BaseBuilder.php(1649): CodeIgniter\Database\BaseConnection->query('SELECT `event_attendance`.`id` as `attendance_id`, `events`.`name` as `event_name`, `events`.`date` as `event_date`, `users`.`full_name`, `users`.`nip`, `users`.`institution`, `attendances`.`created_at`
FROM `event_attendance`
JOIN `event_registrations` ON `event_registrations`.`id` = `attendances`.`registration_id`
JOIN `users` ON `users`.`id` = `event_registrations`.`user_id`
JOIN `events` ON `events`.`id` = `event_registrations`.`event_id`
ORDER BY `attendances`.`created_at` DESC', [], false)
 4 SYSTEMPATH\Model.php(286): CodeIgniter\Database\BaseBuilder->get()
 5 SYSTEMPATH\BaseModel.php(675): CodeIgniter\Model->doFindAll(0, 0)
 6 APPPATH\Controllers\Event.php(322): CodeIgniter\BaseModel->findAll()
 7 SYSTEMPATH\CodeIgniter.php(933): App\Controllers\Event->attendanceList()
 8 SYSTEMPATH\CodeIgniter.php(507): CodeIgniter\CodeIgniter->runController(Object(App\Controllers\Event))
 9 SYSTEMPATH\CodeIgniter.php(354): CodeIgniter\CodeIgniter->handleRequest(null, Object(Config\Cache), false)
10 SYSTEMPATH\Boot.php(334): CodeIgniter\CodeIgniter->run()
11 SYSTEMPATH\Boot.php(67): CodeIgniter\Boot::runCodeIgniter(Object(CodeIgniter\CodeIgniter))
12 FCPATH\index.php(56): CodeIgniter\Boot::bootWeb(Object(Config\Paths))
13 SYSTEMPATH\rewrite.php(44): require_once('C:\\xampp\\htdocs\\register (1)\\register\\public\\index.php')
CRITICAL - 2025-05-07 07:24:33 --> [Caused by] mysqli_sql_exception: Unknown column 'attendances.created_at' in 'field list'
in SYSTEMPATH\Database\MySQLi\Connection.php on line 327.
 1 SYSTEMPATH\Database\MySQLi\Connection.php(327): mysqli->query('SELECT `event_attendance`.`id` as `attendance_id`, `events`.`name` as `event_name`, `events`.`date` as `event_date`, `users`.`full_name`, `users`.`nip`, `users`.`institution`, `attendances`.`created_at`
FROM `event_attendance`
JOIN `event_registrations` ON `event_registrations`.`id` = `attendances`.`registration_id`
JOIN `users` ON `users`.`id` = `event_registrations`.`user_id`
JOIN `events` ON `events`.`id` = `event_registrations`.`event_id`
ORDER BY `attendances`.`created_at` DESC', 0)
 2 SYSTEMPATH\Database\BaseConnection.php(738): CodeIgniter\Database\MySQLi\Connection->execute('SELECT `event_attendance`.`id` as `attendance_id`, `events`.`name` as `event_name`, `events`.`date` as `event_date`, `users`.`full_name`, `users`.`nip`, `users`.`institution`, `attendances`.`created_at`
FROM `event_attendance`
JOIN `event_registrations` ON `event_registrations`.`id` = `attendances`.`registration_id`
JOIN `users` ON `users`.`id` = `event_registrations`.`user_id`
JOIN `events` ON `events`.`id` = `event_registrations`.`event_id`
ORDER BY `attendances`.`created_at` DESC')
 3 SYSTEMPATH\Database\BaseConnection.php(652): CodeIgniter\Database\BaseConnection->simpleQuery('SELECT `event_attendance`.`id` as `attendance_id`, `events`.`name` as `event_name`, `events`.`date` as `event_date`, `users`.`full_name`, `users`.`nip`, `users`.`institution`, `attendances`.`created_at`
FROM `event_attendance`
JOIN `event_registrations` ON `event_registrations`.`id` = `attendances`.`registration_id`
JOIN `users` ON `users`.`id` = `event_registrations`.`user_id`
JOIN `events` ON `events`.`id` = `event_registrations`.`event_id`
ORDER BY `attendances`.`created_at` DESC')
 4 SYSTEMPATH\Database\BaseBuilder.php(1649): CodeIgniter\Database\BaseConnection->query('SELECT `event_attendance`.`id` as `attendance_id`, `events`.`name` as `event_name`, `events`.`date` as `event_date`, `users`.`full_name`, `users`.`nip`, `users`.`institution`, `attendances`.`created_at`
FROM `event_attendance`
JOIN `event_registrations` ON `event_registrations`.`id` = `attendances`.`registration_id`
JOIN `users` ON `users`.`id` = `event_registrations`.`user_id`
JOIN `events` ON `events`.`id` = `event_registrations`.`event_id`
ORDER BY `attendances`.`created_at` DESC', [], false)
 5 SYSTEMPATH\Model.php(286): CodeIgniter\Database\BaseBuilder->get()
 6 SYSTEMPATH\BaseModel.php(675): CodeIgniter\Model->doFindAll(0, 0)
 7 APPPATH\Controllers\Event.php(322): CodeIgniter\BaseModel->findAll()
 8 SYSTEMPATH\CodeIgniter.php(933): App\Controllers\Event->attendanceList()
 9 SYSTEMPATH\CodeIgniter.php(507): CodeIgniter\CodeIgniter->runController(Object(App\Controllers\Event))
10 SYSTEMPATH\CodeIgniter.php(354): CodeIgniter\CodeIgniter->handleRequest(null, Object(Config\Cache), false)
11 SYSTEMPATH\Boot.php(334): CodeIgniter\CodeIgniter->run()
12 SYSTEMPATH\Boot.php(67): CodeIgniter\Boot::runCodeIgniter(Object(CodeIgniter\CodeIgniter))
13 FCPATH\index.php(56): CodeIgniter\Boot::bootWeb(Object(Config\Paths))
14 SYSTEMPATH\rewrite.php(44): require_once('C:\\xampp\\htdocs\\register (1)\\register\\public\\index.php')
DEBUG - 2025-05-07 07:25:48 --> Session: Class initialized using 'CodeIgniter\Session\Handlers\FileHandler' driver.
ERROR - 2025-05-07 07:25:48 --> mysqli_sql_exception: Unknown column 'attendances.created_at' in 'field list' in C:\xampp\htdocs\register (1)\register\system\Database\MySQLi\Connection.php:327
Stack trace:
#0 C:\xampp\htdocs\register (1)\register\system\Database\MySQLi\Connection.php(327): mysqli->query('SELECT `event_a...', 0)
#1 C:\xampp\htdocs\register (1)\register\system\Database\BaseConnection.php(738): CodeIgniter\Database\MySQLi\Connection->execute('SELECT `event_a...')
#2 C:\xampp\htdocs\register (1)\register\system\Database\BaseConnection.php(652): CodeIgniter\Database\BaseConnection->simpleQuery('SELECT `event_a...')
#3 C:\xampp\htdocs\register (1)\register\system\Database\BaseBuilder.php(1649): CodeIgniter\Database\BaseConnection->query('SELECT `event_a...', Array, false)
#4 C:\xampp\htdocs\register (1)\register\system\Model.php(286): CodeIgniter\Database\BaseBuilder->get()
#5 C:\xampp\htdocs\register (1)\register\system\BaseModel.php(675): CodeIgniter\Model->doFindAll(0, 0)
#6 C:\xampp\htdocs\register (1)\register\app\Controllers\Event.php(322): CodeIgniter\BaseModel->findAll()
#7 C:\xampp\htdocs\register (1)\register\system\CodeIgniter.php(933): App\Controllers\Event->attendanceList()
#8 C:\xampp\htdocs\register (1)\register\system\CodeIgniter.php(507): CodeIgniter\CodeIgniter->runController(Object(App\Controllers\Event))
#9 C:\xampp\htdocs\register (1)\register\system\CodeIgniter.php(354): CodeIgniter\CodeIgniter->handleRequest(NULL, Object(Config\Cache), false)
#10 C:\xampp\htdocs\register (1)\register\system\Boot.php(334): CodeIgniter\CodeIgniter->run()
#11 C:\xampp\htdocs\register (1)\register\system\Boot.php(67): CodeIgniter\Boot::runCodeIgniter(Object(CodeIgniter\CodeIgniter))
#12 C:\xampp\htdocs\register (1)\register\public\index.php(56): CodeIgniter\Boot::bootWeb(Object(Config\Paths))
#13 C:\xampp\htdocs\register (1)\register\system\rewrite.php(44): require_once('C:\\xampp\\htdocs...')
#14 {main}
CRITICAL - 2025-05-07 07:25:48 --> CodeIgniter\Database\Exceptions\DatabaseException: Unknown column 'attendances.created_at' in 'field list'
[Method: GET, Route: admin/attendance]
in SYSTEMPATH\Database\BaseConnection.php on line 692.
 1 SYSTEMPATH\Database\BaseBuilder.php(1649): CodeIgniter\Database\BaseConnection->query('SELECT `event_attendance`.`id` as `attendance_id`, `events`.`name` as `event_name`, `events`.`date` as `event_date`, `users`.`full_name`, `users`.`nip`, `users`.`institution`, `attendances`.`created_at`
FROM `event_attendance`
JOIN `event_registrations` ON `event_registrations`.`id` = `attendances`.`registration_id`
JOIN `users` ON `users`.`id` = `event_registrations`.`user_id`
JOIN `events` ON `events`.`id` = `event_registrations`.`event_id`
ORDER BY `event_attendance`.`created_at` DESC', [], false)
 2 SYSTEMPATH\Model.php(286): CodeIgniter\Database\BaseBuilder->get()
 3 SYSTEMPATH\BaseModel.php(675): CodeIgniter\Model->doFindAll(0, 0)
 4 APPPATH\Controllers\Event.php(322): CodeIgniter\BaseModel->findAll()
 5 SYSTEMPATH\CodeIgniter.php(933): App\Controllers\Event->attendanceList()
 6 SYSTEMPATH\CodeIgniter.php(507): CodeIgniter\CodeIgniter->runController(Object(App\Controllers\Event))
 7 SYSTEMPATH\CodeIgniter.php(354): CodeIgniter\CodeIgniter->handleRequest(null, Object(Config\Cache), false)
 8 SYSTEMPATH\Boot.php(334): CodeIgniter\CodeIgniter->run()
 9 SYSTEMPATH\Boot.php(67): CodeIgniter\Boot::runCodeIgniter(Object(CodeIgniter\CodeIgniter))
10 FCPATH\index.php(56): CodeIgniter\Boot::bootWeb(Object(Config\Paths))
11 SYSTEMPATH\rewrite.php(44): require_once('C:\\xampp\\htdocs\\register (1)\\register\\public\\index.php')
CRITICAL - 2025-05-07 07:25:48 --> [Caused by] CodeIgniter\Database\Exceptions\DatabaseException: Unknown column 'attendances.created_at' in 'field list'
in SYSTEMPATH\Database\MySQLi\Connection.php on line 332.
 1 SYSTEMPATH\Database\BaseConnection.php(738): CodeIgniter\Database\MySQLi\Connection->execute('SELECT `event_attendance`.`id` as `attendance_id`, `events`.`name` as `event_name`, `events`.`date` as `event_date`, `users`.`full_name`, `users`.`nip`, `users`.`institution`, `attendances`.`created_at`
FROM `event_attendance`
JOIN `event_registrations` ON `event_registrations`.`id` = `attendances`.`registration_id`
JOIN `users` ON `users`.`id` = `event_registrations`.`user_id`
JOIN `events` ON `events`.`id` = `event_registrations`.`event_id`
ORDER BY `event_attendance`.`created_at` DESC')
 2 SYSTEMPATH\Database\BaseConnection.php(652): CodeIgniter\Database\BaseConnection->simpleQuery('SELECT `event_attendance`.`id` as `attendance_id`, `events`.`name` as `event_name`, `events`.`date` as `event_date`, `users`.`full_name`, `users`.`nip`, `users`.`institution`, `attendances`.`created_at`
FROM `event_attendance`
JOIN `event_registrations` ON `event_registrations`.`id` = `attendances`.`registration_id`
JOIN `users` ON `users`.`id` = `event_registrations`.`user_id`
JOIN `events` ON `events`.`id` = `event_registrations`.`event_id`
ORDER BY `event_attendance`.`created_at` DESC')
 3 SYSTEMPATH\Database\BaseBuilder.php(1649): CodeIgniter\Database\BaseConnection->query('SELECT `event_attendance`.`id` as `attendance_id`, `events`.`name` as `event_name`, `events`.`date` as `event_date`, `users`.`full_name`, `users`.`nip`, `users`.`institution`, `attendances`.`created_at`
FROM `event_attendance`
JOIN `event_registrations` ON `event_registrations`.`id` = `attendances`.`registration_id`
JOIN `users` ON `users`.`id` = `event_registrations`.`user_id`
JOIN `events` ON `events`.`id` = `event_registrations`.`event_id`
ORDER BY `event_attendance`.`created_at` DESC', [], false)
 4 SYSTEMPATH\Model.php(286): CodeIgniter\Database\BaseBuilder->get()
 5 SYSTEMPATH\BaseModel.php(675): CodeIgniter\Model->doFindAll(0, 0)
 6 APPPATH\Controllers\Event.php(322): CodeIgniter\BaseModel->findAll()
 7 SYSTEMPATH\CodeIgniter.php(933): App\Controllers\Event->attendanceList()
 8 SYSTEMPATH\CodeIgniter.php(507): CodeIgniter\CodeIgniter->runController(Object(App\Controllers\Event))
 9 SYSTEMPATH\CodeIgniter.php(354): CodeIgniter\CodeIgniter->handleRequest(null, Object(Config\Cache), false)
10 SYSTEMPATH\Boot.php(334): CodeIgniter\CodeIgniter->run()
11 SYSTEMPATH\Boot.php(67): CodeIgniter\Boot::runCodeIgniter(Object(CodeIgniter\CodeIgniter))
12 FCPATH\index.php(56): CodeIgniter\Boot::bootWeb(Object(Config\Paths))
13 SYSTEMPATH\rewrite.php(44): require_once('C:\\xampp\\htdocs\\register (1)\\register\\public\\index.php')
CRITICAL - 2025-05-07 07:25:48 --> [Caused by] mysqli_sql_exception: Unknown column 'attendances.created_at' in 'field list'
in SYSTEMPATH\Database\MySQLi\Connection.php on line 327.
 1 SYSTEMPATH\Database\MySQLi\Connection.php(327): mysqli->query('SELECT `event_attendance`.`id` as `attendance_id`, `events`.`name` as `event_name`, `events`.`date` as `event_date`, `users`.`full_name`, `users`.`nip`, `users`.`institution`, `attendances`.`created_at`
FROM `event_attendance`
JOIN `event_registrations` ON `event_registrations`.`id` = `attendances`.`registration_id`
JOIN `users` ON `users`.`id` = `event_registrations`.`user_id`
JOIN `events` ON `events`.`id` = `event_registrations`.`event_id`
ORDER BY `event_attendance`.`created_at` DESC', 0)
 2 SYSTEMPATH\Database\BaseConnection.php(738): CodeIgniter\Database\MySQLi\Connection->execute('SELECT `event_attendance`.`id` as `attendance_id`, `events`.`name` as `event_name`, `events`.`date` as `event_date`, `users`.`full_name`, `users`.`nip`, `users`.`institution`, `attendances`.`created_at`
FROM `event_attendance`
JOIN `event_registrations` ON `event_registrations`.`id` = `attendances`.`registration_id`
JOIN `users` ON `users`.`id` = `event_registrations`.`user_id`
JOIN `events` ON `events`.`id` = `event_registrations`.`event_id`
ORDER BY `event_attendance`.`created_at` DESC')
 3 SYSTEMPATH\Database\BaseConnection.php(652): CodeIgniter\Database\BaseConnection->simpleQuery('SELECT `event_attendance`.`id` as `attendance_id`, `events`.`name` as `event_name`, `events`.`date` as `event_date`, `users`.`full_name`, `users`.`nip`, `users`.`institution`, `attendances`.`created_at`
FROM `event_attendance`
JOIN `event_registrations` ON `event_registrations`.`id` = `attendances`.`registration_id`
JOIN `users` ON `users`.`id` = `event_registrations`.`user_id`
JOIN `events` ON `events`.`id` = `event_registrations`.`event_id`
ORDER BY `event_attendance`.`created_at` DESC')
 4 SYSTEMPATH\Database\BaseBuilder.php(1649): CodeIgniter\Database\BaseConnection->query('SELECT `event_attendance`.`id` as `attendance_id`, `events`.`name` as `event_name`, `events`.`date` as `event_date`, `users`.`full_name`, `users`.`nip`, `users`.`institution`, `attendances`.`created_at`
FROM `event_attendance`
JOIN `event_registrations` ON `event_registrations`.`id` = `attendances`.`registration_id`
JOIN `users` ON `users`.`id` = `event_registrations`.`user_id`
JOIN `events` ON `events`.`id` = `event_registrations`.`event_id`
ORDER BY `event_attendance`.`created_at` DESC', [], false)
 5 SYSTEMPATH\Model.php(286): CodeIgniter\Database\BaseBuilder->get()
 6 SYSTEMPATH\BaseModel.php(675): CodeIgniter\Model->doFindAll(0, 0)
 7 APPPATH\Controllers\Event.php(322): CodeIgniter\BaseModel->findAll()
 8 SYSTEMPATH\CodeIgniter.php(933): App\Controllers\Event->attendanceList()
 9 SYSTEMPATH\CodeIgniter.php(507): CodeIgniter\CodeIgniter->runController(Object(App\Controllers\Event))
10 SYSTEMPATH\CodeIgniter.php(354): CodeIgniter\CodeIgniter->handleRequest(null, Object(Config\Cache), false)
11 SYSTEMPATH\Boot.php(334): CodeIgniter\CodeIgniter->run()
12 SYSTEMPATH\Boot.php(67): CodeIgniter\Boot::runCodeIgniter(Object(CodeIgniter\CodeIgniter))
13 FCPATH\index.php(56): CodeIgniter\Boot::bootWeb(Object(Config\Paths))
14 SYSTEMPATH\rewrite.php(44): require_once('C:\\xampp\\htdocs\\register (1)\\register\\public\\index.php')
DEBUG - 2025-05-07 07:25:49 --> Session: Class initialized using 'CodeIgniter\Session\Handlers\FileHandler' driver.
ERROR - 2025-05-07 07:25:49 --> mysqli_sql_exception: Unknown column 'attendances.created_at' in 'field list' in C:\xampp\htdocs\register (1)\register\system\Database\MySQLi\Connection.php:327
Stack trace:
#0 C:\xampp\htdocs\register (1)\register\system\Database\MySQLi\Connection.php(327): mysqli->query('SELECT `event_a...', 0)
#1 C:\xampp\htdocs\register (1)\register\system\Database\BaseConnection.php(738): CodeIgniter\Database\MySQLi\Connection->execute('SELECT `event_a...')
#2 C:\xampp\htdocs\register (1)\register\system\Database\BaseConnection.php(652): CodeIgniter\Database\BaseConnection->simpleQuery('SELECT `event_a...')
#3 C:\xampp\htdocs\register (1)\register\system\Database\BaseBuilder.php(1649): CodeIgniter\Database\BaseConnection->query('SELECT `event_a...', Array, false)
#4 C:\xampp\htdocs\register (1)\register\system\Model.php(286): CodeIgniter\Database\BaseBuilder->get()
#5 C:\xampp\htdocs\register (1)\register\system\BaseModel.php(675): CodeIgniter\Model->doFindAll(0, 0)
#6 C:\xampp\htdocs\register (1)\register\app\Controllers\Event.php(322): CodeIgniter\BaseModel->findAll()
#7 C:\xampp\htdocs\register (1)\register\system\CodeIgniter.php(933): App\Controllers\Event->attendanceList()
#8 C:\xampp\htdocs\register (1)\register\system\CodeIgniter.php(507): CodeIgniter\CodeIgniter->runController(Object(App\Controllers\Event))
#9 C:\xampp\htdocs\register (1)\register\system\CodeIgniter.php(354): CodeIgniter\CodeIgniter->handleRequest(NULL, Object(Config\Cache), false)
#10 C:\xampp\htdocs\register (1)\register\system\Boot.php(334): CodeIgniter\CodeIgniter->run()
#11 C:\xampp\htdocs\register (1)\register\system\Boot.php(67): CodeIgniter\Boot::runCodeIgniter(Object(CodeIgniter\CodeIgniter))
#12 C:\xampp\htdocs\register (1)\register\public\index.php(56): CodeIgniter\Boot::bootWeb(Object(Config\Paths))
#13 C:\xampp\htdocs\register (1)\register\system\rewrite.php(44): require_once('C:\\xampp\\htdocs...')
#14 {main}
CRITICAL - 2025-05-07 07:25:49 --> CodeIgniter\Database\Exceptions\DatabaseException: Unknown column 'attendances.created_at' in 'field list'
[Method: GET, Route: admin/attendance]
in SYSTEMPATH\Database\BaseConnection.php on line 692.
 1 SYSTEMPATH\Database\BaseBuilder.php(1649): CodeIgniter\Database\BaseConnection->query('SELECT `event_attendance`.`id` as `attendance_id`, `events`.`name` as `event_name`, `events`.`date` as `event_date`, `users`.`full_name`, `users`.`nip`, `users`.`institution`, `attendances`.`created_at`
FROM `event_attendance`
JOIN `event_registrations` ON `event_registrations`.`id` = `attendances`.`registration_id`
JOIN `users` ON `users`.`id` = `event_registrations`.`user_id`
JOIN `events` ON `events`.`id` = `event_registrations`.`event_id`
ORDER BY `event_attendance`.`created_at` DESC', [], false)
 2 SYSTEMPATH\Model.php(286): CodeIgniter\Database\BaseBuilder->get()
 3 SYSTEMPATH\BaseModel.php(675): CodeIgniter\Model->doFindAll(0, 0)
 4 APPPATH\Controllers\Event.php(322): CodeIgniter\BaseModel->findAll()
 5 SYSTEMPATH\CodeIgniter.php(933): App\Controllers\Event->attendanceList()
 6 SYSTEMPATH\CodeIgniter.php(507): CodeIgniter\CodeIgniter->runController(Object(App\Controllers\Event))
 7 SYSTEMPATH\CodeIgniter.php(354): CodeIgniter\CodeIgniter->handleRequest(null, Object(Config\Cache), false)
 8 SYSTEMPATH\Boot.php(334): CodeIgniter\CodeIgniter->run()
 9 SYSTEMPATH\Boot.php(67): CodeIgniter\Boot::runCodeIgniter(Object(CodeIgniter\CodeIgniter))
10 FCPATH\index.php(56): CodeIgniter\Boot::bootWeb(Object(Config\Paths))
11 SYSTEMPATH\rewrite.php(44): require_once('C:\\xampp\\htdocs\\register (1)\\register\\public\\index.php')
CRITICAL - 2025-05-07 07:25:49 --> [Caused by] CodeIgniter\Database\Exceptions\DatabaseException: Unknown column 'attendances.created_at' in 'field list'
in SYSTEMPATH\Database\MySQLi\Connection.php on line 332.
 1 SYSTEMPATH\Database\BaseConnection.php(738): CodeIgniter\Database\MySQLi\Connection->execute('SELECT `event_attendance`.`id` as `attendance_id`, `events`.`name` as `event_name`, `events`.`date` as `event_date`, `users`.`full_name`, `users`.`nip`, `users`.`institution`, `attendances`.`created_at`
FROM `event_attendance`
JOIN `event_registrations` ON `event_registrations`.`id` = `attendances`.`registration_id`
JOIN `users` ON `users`.`id` = `event_registrations`.`user_id`
JOIN `events` ON `events`.`id` = `event_registrations`.`event_id`
ORDER BY `event_attendance`.`created_at` DESC')
 2 SYSTEMPATH\Database\BaseConnection.php(652): CodeIgniter\Database\BaseConnection->simpleQuery('SELECT `event_attendance`.`id` as `attendance_id`, `events`.`name` as `event_name`, `events`.`date` as `event_date`, `users`.`full_name`, `users`.`nip`, `users`.`institution`, `attendances`.`created_at`
FROM `event_attendance`
JOIN `event_registrations` ON `event_registrations`.`id` = `attendances`.`registration_id`
JOIN `users` ON `users`.`id` = `event_registrations`.`user_id`
JOIN `events` ON `events`.`id` = `event_registrations`.`event_id`
ORDER BY `event_attendance`.`created_at` DESC')
 3 SYSTEMPATH\Database\BaseBuilder.php(1649): CodeIgniter\Database\BaseConnection->query('SELECT `event_attendance`.`id` as `attendance_id`, `events`.`name` as `event_name`, `events`.`date` as `event_date`, `users`.`full_name`, `users`.`nip`, `users`.`institution`, `attendances`.`created_at`
FROM `event_attendance`
JOIN `event_registrations` ON `event_registrations`.`id` = `attendances`.`registration_id`
JOIN `users` ON `users`.`id` = `event_registrations`.`user_id`
JOIN `events` ON `events`.`id` = `event_registrations`.`event_id`
ORDER BY `event_attendance`.`created_at` DESC', [], false)
 4 SYSTEMPATH\Model.php(286): CodeIgniter\Database\BaseBuilder->get()
 5 SYSTEMPATH\BaseModel.php(675): CodeIgniter\Model->doFindAll(0, 0)
 6 APPPATH\Controllers\Event.php(322): CodeIgniter\BaseModel->findAll()
 7 SYSTEMPATH\CodeIgniter.php(933): App\Controllers\Event->attendanceList()
 8 SYSTEMPATH\CodeIgniter.php(507): CodeIgniter\CodeIgniter->runController(Object(App\Controllers\Event))
 9 SYSTEMPATH\CodeIgniter.php(354): CodeIgniter\CodeIgniter->handleRequest(null, Object(Config\Cache), false)
10 SYSTEMPATH\Boot.php(334): CodeIgniter\CodeIgniter->run()
11 SYSTEMPATH\Boot.php(67): CodeIgniter\Boot::runCodeIgniter(Object(CodeIgniter\CodeIgniter))
12 FCPATH\index.php(56): CodeIgniter\Boot::bootWeb(Object(Config\Paths))
13 SYSTEMPATH\rewrite.php(44): require_once('C:\\xampp\\htdocs\\register (1)\\register\\public\\index.php')
CRITICAL - 2025-05-07 07:25:49 --> [Caused by] mysqli_sql_exception: Unknown column 'attendances.created_at' in 'field list'
in SYSTEMPATH\Database\MySQLi\Connection.php on line 327.
 1 SYSTEMPATH\Database\MySQLi\Connection.php(327): mysqli->query('SELECT `event_attendance`.`id` as `attendance_id`, `events`.`name` as `event_name`, `events`.`date` as `event_date`, `users`.`full_name`, `users`.`nip`, `users`.`institution`, `attendances`.`created_at`
FROM `event_attendance`
JOIN `event_registrations` ON `event_registrations`.`id` = `attendances`.`registration_id`
JOIN `users` ON `users`.`id` = `event_registrations`.`user_id`
JOIN `events` ON `events`.`id` = `event_registrations`.`event_id`
ORDER BY `event_attendance`.`created_at` DESC', 0)
 2 SYSTEMPATH\Database\BaseConnection.php(738): CodeIgniter\Database\MySQLi\Connection->execute('SELECT `event_attendance`.`id` as `attendance_id`, `events`.`name` as `event_name`, `events`.`date` as `event_date`, `users`.`full_name`, `users`.`nip`, `users`.`institution`, `attendances`.`created_at`
FROM `event_attendance`
JOIN `event_registrations` ON `event_registrations`.`id` = `attendances`.`registration_id`
JOIN `users` ON `users`.`id` = `event_registrations`.`user_id`
JOIN `events` ON `events`.`id` = `event_registrations`.`event_id`
ORDER BY `event_attendance`.`created_at` DESC')
 3 SYSTEMPATH\Database\BaseConnection.php(652): CodeIgniter\Database\BaseConnection->simpleQuery('SELECT `event_attendance`.`id` as `attendance_id`, `events`.`name` as `event_name`, `events`.`date` as `event_date`, `users`.`full_name`, `users`.`nip`, `users`.`institution`, `attendances`.`created_at`
FROM `event_attendance`
JOIN `event_registrations` ON `event_registrations`.`id` = `attendances`.`registration_id`
JOIN `users` ON `users`.`id` = `event_registrations`.`user_id`
JOIN `events` ON `events`.`id` = `event_registrations`.`event_id`
ORDER BY `event_attendance`.`created_at` DESC')
 4 SYSTEMPATH\Database\BaseBuilder.php(1649): CodeIgniter\Database\BaseConnection->query('SELECT `event_attendance`.`id` as `attendance_id`, `events`.`name` as `event_name`, `events`.`date` as `event_date`, `users`.`full_name`, `users`.`nip`, `users`.`institution`, `attendances`.`created_at`
FROM `event_attendance`
JOIN `event_registrations` ON `event_registrations`.`id` = `attendances`.`registration_id`
JOIN `users` ON `users`.`id` = `event_registrations`.`user_id`
JOIN `events` ON `events`.`id` = `event_registrations`.`event_id`
ORDER BY `event_attendance`.`created_at` DESC', [], false)
 5 SYSTEMPATH\Model.php(286): CodeIgniter\Database\BaseBuilder->get()
 6 SYSTEMPATH\BaseModel.php(675): CodeIgniter\Model->doFindAll(0, 0)
 7 APPPATH\Controllers\Event.php(322): CodeIgniter\BaseModel->findAll()
 8 SYSTEMPATH\CodeIgniter.php(933): App\Controllers\Event->attendanceList()
 9 SYSTEMPATH\CodeIgniter.php(507): CodeIgniter\CodeIgniter->runController(Object(App\Controllers\Event))
10 SYSTEMPATH\CodeIgniter.php(354): CodeIgniter\CodeIgniter->handleRequest(null, Object(Config\Cache), false)
11 SYSTEMPATH\Boot.php(334): CodeIgniter\CodeIgniter->run()
12 SYSTEMPATH\Boot.php(67): CodeIgniter\Boot::runCodeIgniter(Object(CodeIgniter\CodeIgniter))
13 FCPATH\index.php(56): CodeIgniter\Boot::bootWeb(Object(Config\Paths))
14 SYSTEMPATH\rewrite.php(44): require_once('C:\\xampp\\htdocs\\register (1)\\register\\public\\index.php')
DEBUG - 2025-05-07 07:25:52 --> Session: Class initialized using 'CodeIgniter\Session\Handlers\FileHandler' driver.
ERROR - 2025-05-07 07:25:52 --> mysqli_sql_exception: Unknown column 'attendances.created_at' in 'field list' in C:\xampp\htdocs\register (1)\register\system\Database\MySQLi\Connection.php:327
Stack trace:
#0 C:\xampp\htdocs\register (1)\register\system\Database\MySQLi\Connection.php(327): mysqli->query('SELECT `event_a...', 0)
#1 C:\xampp\htdocs\register (1)\register\system\Database\BaseConnection.php(738): CodeIgniter\Database\MySQLi\Connection->execute('SELECT `event_a...')
#2 C:\xampp\htdocs\register (1)\register\system\Database\BaseConnection.php(652): CodeIgniter\Database\BaseConnection->simpleQuery('SELECT `event_a...')
#3 C:\xampp\htdocs\register (1)\register\system\Database\BaseBuilder.php(1649): CodeIgniter\Database\BaseConnection->query('SELECT `event_a...', Array, false)
#4 C:\xampp\htdocs\register (1)\register\system\Model.php(286): CodeIgniter\Database\BaseBuilder->get()
#5 C:\xampp\htdocs\register (1)\register\system\BaseModel.php(675): CodeIgniter\Model->doFindAll(0, 0)
#6 C:\xampp\htdocs\register (1)\register\app\Controllers\Event.php(322): CodeIgniter\BaseModel->findAll()
#7 C:\xampp\htdocs\register (1)\register\system\CodeIgniter.php(933): App\Controllers\Event->attendanceList()
#8 C:\xampp\htdocs\register (1)\register\system\CodeIgniter.php(507): CodeIgniter\CodeIgniter->runController(Object(App\Controllers\Event))
#9 C:\xampp\htdocs\register (1)\register\system\CodeIgniter.php(354): CodeIgniter\CodeIgniter->handleRequest(NULL, Object(Config\Cache), false)
#10 C:\xampp\htdocs\register (1)\register\system\Boot.php(334): CodeIgniter\CodeIgniter->run()
#11 C:\xampp\htdocs\register (1)\register\system\Boot.php(67): CodeIgniter\Boot::runCodeIgniter(Object(CodeIgniter\CodeIgniter))
#12 C:\xampp\htdocs\register (1)\register\public\index.php(56): CodeIgniter\Boot::bootWeb(Object(Config\Paths))
#13 C:\xampp\htdocs\register (1)\register\system\rewrite.php(44): require_once('C:\\xampp\\htdocs...')
#14 {main}
CRITICAL - 2025-05-07 07:25:52 --> CodeIgniter\Database\Exceptions\DatabaseException: Unknown column 'attendances.created_at' in 'field list'
[Method: GET, Route: admin/attendance]
in SYSTEMPATH\Database\BaseConnection.php on line 692.
 1 SYSTEMPATH\Database\BaseBuilder.php(1649): CodeIgniter\Database\BaseConnection->query('SELECT `event_attendance`.`id` as `attendance_id`, `events`.`name` as `event_name`, `events`.`date` as `event_date`, `users`.`full_name`, `users`.`nip`, `users`.`institution`, `attendances`.`created_at`
FROM `event_attendance`
JOIN `event_registrations` ON `event_registrations`.`id` = `attendances`.`registration_id`
JOIN `users` ON `users`.`id` = `event_registrations`.`user_id`
JOIN `events` ON `events`.`id` = `event_registrations`.`event_id`
ORDER BY `event_attendance`.`created_at` DESC', [], false)
 2 SYSTEMPATH\Model.php(286): CodeIgniter\Database\BaseBuilder->get()
 3 SYSTEMPATH\BaseModel.php(675): CodeIgniter\Model->doFindAll(0, 0)
 4 APPPATH\Controllers\Event.php(322): CodeIgniter\BaseModel->findAll()
 5 SYSTEMPATH\CodeIgniter.php(933): App\Controllers\Event->attendanceList()
 6 SYSTEMPATH\CodeIgniter.php(507): CodeIgniter\CodeIgniter->runController(Object(App\Controllers\Event))
 7 SYSTEMPATH\CodeIgniter.php(354): CodeIgniter\CodeIgniter->handleRequest(null, Object(Config\Cache), false)
 8 SYSTEMPATH\Boot.php(334): CodeIgniter\CodeIgniter->run()
 9 SYSTEMPATH\Boot.php(67): CodeIgniter\Boot::runCodeIgniter(Object(CodeIgniter\CodeIgniter))
10 FCPATH\index.php(56): CodeIgniter\Boot::bootWeb(Object(Config\Paths))
11 SYSTEMPATH\rewrite.php(44): require_once('C:\\xampp\\htdocs\\register (1)\\register\\public\\index.php')
CRITICAL - 2025-05-07 07:25:52 --> [Caused by] CodeIgniter\Database\Exceptions\DatabaseException: Unknown column 'attendances.created_at' in 'field list'
in SYSTEMPATH\Database\MySQLi\Connection.php on line 332.
 1 SYSTEMPATH\Database\BaseConnection.php(738): CodeIgniter\Database\MySQLi\Connection->execute('SELECT `event_attendance`.`id` as `attendance_id`, `events`.`name` as `event_name`, `events`.`date` as `event_date`, `users`.`full_name`, `users`.`nip`, `users`.`institution`, `attendances`.`created_at`
FROM `event_attendance`
JOIN `event_registrations` ON `event_registrations`.`id` = `attendances`.`registration_id`
JOIN `users` ON `users`.`id` = `event_registrations`.`user_id`
JOIN `events` ON `events`.`id` = `event_registrations`.`event_id`
ORDER BY `event_attendance`.`created_at` DESC')
 2 SYSTEMPATH\Database\BaseConnection.php(652): CodeIgniter\Database\BaseConnection->simpleQuery('SELECT `event_attendance`.`id` as `attendance_id`, `events`.`name` as `event_name`, `events`.`date` as `event_date`, `users`.`full_name`, `users`.`nip`, `users`.`institution`, `attendances`.`created_at`
FROM `event_attendance`
JOIN `event_registrations` ON `event_registrations`.`id` = `attendances`.`registration_id`
JOIN `users` ON `users`.`id` = `event_registrations`.`user_id`
JOIN `events` ON `events`.`id` = `event_registrations`.`event_id`
ORDER BY `event_attendance`.`created_at` DESC')
 3 SYSTEMPATH\Database\BaseBuilder.php(1649): CodeIgniter\Database\BaseConnection->query('SELECT `event_attendance`.`id` as `attendance_id`, `events`.`name` as `event_name`, `events`.`date` as `event_date`, `users`.`full_name`, `users`.`nip`, `users`.`institution`, `attendances`.`created_at`
FROM `event_attendance`
JOIN `event_registrations` ON `event_registrations`.`id` = `attendances`.`registration_id`
JOIN `users` ON `users`.`id` = `event_registrations`.`user_id`
JOIN `events` ON `events`.`id` = `event_registrations`.`event_id`
ORDER BY `event_attendance`.`created_at` DESC', [], false)
 4 SYSTEMPATH\Model.php(286): CodeIgniter\Database\BaseBuilder->get()
 5 SYSTEMPATH\BaseModel.php(675): CodeIgniter\Model->doFindAll(0, 0)
 6 APPPATH\Controllers\Event.php(322): CodeIgniter\BaseModel->findAll()
 7 SYSTEMPATH\CodeIgniter.php(933): App\Controllers\Event->attendanceList()
 8 SYSTEMPATH\CodeIgniter.php(507): CodeIgniter\CodeIgniter->runController(Object(App\Controllers\Event))
 9 SYSTEMPATH\CodeIgniter.php(354): CodeIgniter\CodeIgniter->handleRequest(null, Object(Config\Cache), false)
10 SYSTEMPATH\Boot.php(334): CodeIgniter\CodeIgniter->run()
11 SYSTEMPATH\Boot.php(67): CodeIgniter\Boot::runCodeIgniter(Object(CodeIgniter\CodeIgniter))
12 FCPATH\index.php(56): CodeIgniter\Boot::bootWeb(Object(Config\Paths))
13 SYSTEMPATH\rewrite.php(44): require_once('C:\\xampp\\htdocs\\register (1)\\register\\public\\index.php')
CRITICAL - 2025-05-07 07:25:52 --> [Caused by] mysqli_sql_exception: Unknown column 'attendances.created_at' in 'field list'
in SYSTEMPATH\Database\MySQLi\Connection.php on line 327.
 1 SYSTEMPATH\Database\MySQLi\Connection.php(327): mysqli->query('SELECT `event_attendance`.`id` as `attendance_id`, `events`.`name` as `event_name`, `events`.`date` as `event_date`, `users`.`full_name`, `users`.`nip`, `users`.`institution`, `attendances`.`created_at`
FROM `event_attendance`
JOIN `event_registrations` ON `event_registrations`.`id` = `attendances`.`registration_id`
JOIN `users` ON `users`.`id` = `event_registrations`.`user_id`
JOIN `events` ON `events`.`id` = `event_registrations`.`event_id`
ORDER BY `event_attendance`.`created_at` DESC', 0)
 2 SYSTEMPATH\Database\BaseConnection.php(738): CodeIgniter\Database\MySQLi\Connection->execute('SELECT `event_attendance`.`id` as `attendance_id`, `events`.`name` as `event_name`, `events`.`date` as `event_date`, `users`.`full_name`, `users`.`nip`, `users`.`institution`, `attendances`.`created_at`
FROM `event_attendance`
JOIN `event_registrations` ON `event_registrations`.`id` = `attendances`.`registration_id`
JOIN `users` ON `users`.`id` = `event_registrations`.`user_id`
JOIN `events` ON `events`.`id` = `event_registrations`.`event_id`
ORDER BY `event_attendance`.`created_at` DESC')
 3 SYSTEMPATH\Database\BaseConnection.php(652): CodeIgniter\Database\BaseConnection->simpleQuery('SELECT `event_attendance`.`id` as `attendance_id`, `events`.`name` as `event_name`, `events`.`date` as `event_date`, `users`.`full_name`, `users`.`nip`, `users`.`institution`, `attendances`.`created_at`
FROM `event_attendance`
JOIN `event_registrations` ON `event_registrations`.`id` = `attendances`.`registration_id`
JOIN `users` ON `users`.`id` = `event_registrations`.`user_id`
JOIN `events` ON `events`.`id` = `event_registrations`.`event_id`
ORDER BY `event_attendance`.`created_at` DESC')
 4 SYSTEMPATH\Database\BaseBuilder.php(1649): CodeIgniter\Database\BaseConnection->query('SELECT `event_attendance`.`id` as `attendance_id`, `events`.`name` as `event_name`, `events`.`date` as `event_date`, `users`.`full_name`, `users`.`nip`, `users`.`institution`, `attendances`.`created_at`
FROM `event_attendance`
JOIN `event_registrations` ON `event_registrations`.`id` = `attendances`.`registration_id`
JOIN `users` ON `users`.`id` = `event_registrations`.`user_id`
JOIN `events` ON `events`.`id` = `event_registrations`.`event_id`
ORDER BY `event_attendance`.`created_at` DESC', [], false)
 5 SYSTEMPATH\Model.php(286): CodeIgniter\Database\BaseBuilder->get()
 6 SYSTEMPATH\BaseModel.php(675): CodeIgniter\Model->doFindAll(0, 0)
 7 APPPATH\Controllers\Event.php(322): CodeIgniter\BaseModel->findAll()
 8 SYSTEMPATH\CodeIgniter.php(933): App\Controllers\Event->attendanceList()
 9 SYSTEMPATH\CodeIgniter.php(507): CodeIgniter\CodeIgniter->runController(Object(App\Controllers\Event))
10 SYSTEMPATH\CodeIgniter.php(354): CodeIgniter\CodeIgniter->handleRequest(null, Object(Config\Cache), false)
11 SYSTEMPATH\Boot.php(334): CodeIgniter\CodeIgniter->run()
12 SYSTEMPATH\Boot.php(67): CodeIgniter\Boot::runCodeIgniter(Object(CodeIgniter\CodeIgniter))
13 FCPATH\index.php(56): CodeIgniter\Boot::bootWeb(Object(Config\Paths))
14 SYSTEMPATH\rewrite.php(44): require_once('C:\\xampp\\htdocs\\register (1)\\register\\public\\index.php')
DEBUG - 2025-05-07 07:26:41 --> Session: Class initialized using 'CodeIgniter\Session\Handlers\FileHandler' driver.
ERROR - 2025-05-07 07:26:41 --> mysqli_sql_exception: Unknown column 'attendances.created_at' in 'field list' in C:\xampp\htdocs\register (1)\register\system\Database\MySQLi\Connection.php:327
Stack trace:
#0 C:\xampp\htdocs\register (1)\register\system\Database\MySQLi\Connection.php(327): mysqli->query('SELECT `event_a...', 0)
#1 C:\xampp\htdocs\register (1)\register\system\Database\BaseConnection.php(738): CodeIgniter\Database\MySQLi\Connection->execute('SELECT `event_a...')
#2 C:\xampp\htdocs\register (1)\register\system\Database\BaseConnection.php(652): CodeIgniter\Database\BaseConnection->simpleQuery('SELECT `event_a...')
#3 C:\xampp\htdocs\register (1)\register\system\Database\BaseBuilder.php(1649): CodeIgniter\Database\BaseConnection->query('SELECT `event_a...', Array, false)
#4 C:\xampp\htdocs\register (1)\register\system\Model.php(286): CodeIgniter\Database\BaseBuilder->get()
#5 C:\xampp\htdocs\register (1)\register\system\BaseModel.php(675): CodeIgniter\Model->doFindAll(0, 0)
#6 C:\xampp\htdocs\register (1)\register\app\Controllers\Event.php(322): CodeIgniter\BaseModel->findAll()
#7 C:\xampp\htdocs\register (1)\register\system\CodeIgniter.php(933): App\Controllers\Event->attendanceList()
#8 C:\xampp\htdocs\register (1)\register\system\CodeIgniter.php(507): CodeIgniter\CodeIgniter->runController(Object(App\Controllers\Event))
#9 C:\xampp\htdocs\register (1)\register\system\CodeIgniter.php(354): CodeIgniter\CodeIgniter->handleRequest(NULL, Object(Config\Cache), false)
#10 C:\xampp\htdocs\register (1)\register\system\Boot.php(334): CodeIgniter\CodeIgniter->run()
#11 C:\xampp\htdocs\register (1)\register\system\Boot.php(67): CodeIgniter\Boot::runCodeIgniter(Object(CodeIgniter\CodeIgniter))
#12 C:\xampp\htdocs\register (1)\register\public\index.php(56): CodeIgniter\Boot::bootWeb(Object(Config\Paths))
#13 C:\xampp\htdocs\register (1)\register\system\rewrite.php(44): require_once('C:\\xampp\\htdocs...')
#14 {main}
CRITICAL - 2025-05-07 07:26:41 --> CodeIgniter\Database\Exceptions\DatabaseException: Unknown column 'attendances.created_at' in 'field list'
[Method: GET, Route: admin/attendance]
in SYSTEMPATH\Database\BaseConnection.php on line 692.
 1 SYSTEMPATH\Database\BaseBuilder.php(1649): CodeIgniter\Database\BaseConnection->query('SELECT `event_attendance`.`id` as `attendance_id`, `events`.`name` as `event_name`, `events`.`date` as `event_date`, `users`.`full_name`, `users`.`nip`, `users`.`institution`, `attendances`.`created_at`
FROM `event_attendance`
JOIN `event_registrations` ON `event_registrations`.`id` = `attendances`.`registration_id`
JOIN `users` ON `users`.`id` = `event_registrations`.`user_id`
JOIN `events` ON `events`.`id` = `event_registrations`.`event_id`
ORDER BY `event_attendance`.`attendance_time` DESC', [], false)
 2 SYSTEMPATH\Model.php(286): CodeIgniter\Database\BaseBuilder->get()
 3 SYSTEMPATH\BaseModel.php(675): CodeIgniter\Model->doFindAll(0, 0)
 4 APPPATH\Controllers\Event.php(322): CodeIgniter\BaseModel->findAll()
 5 SYSTEMPATH\CodeIgniter.php(933): App\Controllers\Event->attendanceList()
 6 SYSTEMPATH\CodeIgniter.php(507): CodeIgniter\CodeIgniter->runController(Object(App\Controllers\Event))
 7 SYSTEMPATH\CodeIgniter.php(354): CodeIgniter\CodeIgniter->handleRequest(null, Object(Config\Cache), false)
 8 SYSTEMPATH\Boot.php(334): CodeIgniter\CodeIgniter->run()
 9 SYSTEMPATH\Boot.php(67): CodeIgniter\Boot::runCodeIgniter(Object(CodeIgniter\CodeIgniter))
10 FCPATH\index.php(56): CodeIgniter\Boot::bootWeb(Object(Config\Paths))
11 SYSTEMPATH\rewrite.php(44): require_once('C:\\xampp\\htdocs\\register (1)\\register\\public\\index.php')
CRITICAL - 2025-05-07 07:26:41 --> [Caused by] CodeIgniter\Database\Exceptions\DatabaseException: Unknown column 'attendances.created_at' in 'field list'
in SYSTEMPATH\Database\MySQLi\Connection.php on line 332.
 1 SYSTEMPATH\Database\BaseConnection.php(738): CodeIgniter\Database\MySQLi\Connection->execute('SELECT `event_attendance`.`id` as `attendance_id`, `events`.`name` as `event_name`, `events`.`date` as `event_date`, `users`.`full_name`, `users`.`nip`, `users`.`institution`, `attendances`.`created_at`
FROM `event_attendance`
JOIN `event_registrations` ON `event_registrations`.`id` = `attendances`.`registration_id`
JOIN `users` ON `users`.`id` = `event_registrations`.`user_id`
JOIN `events` ON `events`.`id` = `event_registrations`.`event_id`
ORDER BY `event_attendance`.`attendance_time` DESC')
 2 SYSTEMPATH\Database\BaseConnection.php(652): CodeIgniter\Database\BaseConnection->simpleQuery('SELECT `event_attendance`.`id` as `attendance_id`, `events`.`name` as `event_name`, `events`.`date` as `event_date`, `users`.`full_name`, `users`.`nip`, `users`.`institution`, `attendances`.`created_at`
FROM `event_attendance`
JOIN `event_registrations` ON `event_registrations`.`id` = `attendances`.`registration_id`
JOIN `users` ON `users`.`id` = `event_registrations`.`user_id`
JOIN `events` ON `events`.`id` = `event_registrations`.`event_id`
ORDER BY `event_attendance`.`attendance_time` DESC')
 3 SYSTEMPATH\Database\BaseBuilder.php(1649): CodeIgniter\Database\BaseConnection->query('SELECT `event_attendance`.`id` as `attendance_id`, `events`.`name` as `event_name`, `events`.`date` as `event_date`, `users`.`full_name`, `users`.`nip`, `users`.`institution`, `attendances`.`created_at`
FROM `event_attendance`
JOIN `event_registrations` ON `event_registrations`.`id` = `attendances`.`registration_id`
JOIN `users` ON `users`.`id` = `event_registrations`.`user_id`
JOIN `events` ON `events`.`id` = `event_registrations`.`event_id`
ORDER BY `event_attendance`.`attendance_time` DESC', [], false)
 4 SYSTEMPATH\Model.php(286): CodeIgniter\Database\BaseBuilder->get()
 5 SYSTEMPATH\BaseModel.php(675): CodeIgniter\Model->doFindAll(0, 0)
 6 APPPATH\Controllers\Event.php(322): CodeIgniter\BaseModel->findAll()
 7 SYSTEMPATH\CodeIgniter.php(933): App\Controllers\Event->attendanceList()
 8 SYSTEMPATH\CodeIgniter.php(507): CodeIgniter\CodeIgniter->runController(Object(App\Controllers\Event))
 9 SYSTEMPATH\CodeIgniter.php(354): CodeIgniter\CodeIgniter->handleRequest(null, Object(Config\Cache), false)
10 SYSTEMPATH\Boot.php(334): CodeIgniter\CodeIgniter->run()
11 SYSTEMPATH\Boot.php(67): CodeIgniter\Boot::runCodeIgniter(Object(CodeIgniter\CodeIgniter))
12 FCPATH\index.php(56): CodeIgniter\Boot::bootWeb(Object(Config\Paths))
13 SYSTEMPATH\rewrite.php(44): require_once('C:\\xampp\\htdocs\\register (1)\\register\\public\\index.php')
CRITICAL - 2025-05-07 07:26:41 --> [Caused by] mysqli_sql_exception: Unknown column 'attendances.created_at' in 'field list'
in SYSTEMPATH\Database\MySQLi\Connection.php on line 327.
 1 SYSTEMPATH\Database\MySQLi\Connection.php(327): mysqli->query('SELECT `event_attendance`.`id` as `attendance_id`, `events`.`name` as `event_name`, `events`.`date` as `event_date`, `users`.`full_name`, `users`.`nip`, `users`.`institution`, `attendances`.`created_at`
FROM `event_attendance`
JOIN `event_registrations` ON `event_registrations`.`id` = `attendances`.`registration_id`
JOIN `users` ON `users`.`id` = `event_registrations`.`user_id`
JOIN `events` ON `events`.`id` = `event_registrations`.`event_id`
ORDER BY `event_attendance`.`attendance_time` DESC', 0)
 2 SYSTEMPATH\Database\BaseConnection.php(738): CodeIgniter\Database\MySQLi\Connection->execute('SELECT `event_attendance`.`id` as `attendance_id`, `events`.`name` as `event_name`, `events`.`date` as `event_date`, `users`.`full_name`, `users`.`nip`, `users`.`institution`, `attendances`.`created_at`
FROM `event_attendance`
JOIN `event_registrations` ON `event_registrations`.`id` = `attendances`.`registration_id`
JOIN `users` ON `users`.`id` = `event_registrations`.`user_id`
JOIN `events` ON `events`.`id` = `event_registrations`.`event_id`
ORDER BY `event_attendance`.`attendance_time` DESC')
 3 SYSTEMPATH\Database\BaseConnection.php(652): CodeIgniter\Database\BaseConnection->simpleQuery('SELECT `event_attendance`.`id` as `attendance_id`, `events`.`name` as `event_name`, `events`.`date` as `event_date`, `users`.`full_name`, `users`.`nip`, `users`.`institution`, `attendances`.`created_at`
FROM `event_attendance`
JOIN `event_registrations` ON `event_registrations`.`id` = `attendances`.`registration_id`
JOIN `users` ON `users`.`id` = `event_registrations`.`user_id`
JOIN `events` ON `events`.`id` = `event_registrations`.`event_id`
ORDER BY `event_attendance`.`attendance_time` DESC')
 4 SYSTEMPATH\Database\BaseBuilder.php(1649): CodeIgniter\Database\BaseConnection->query('SELECT `event_attendance`.`id` as `attendance_id`, `events`.`name` as `event_name`, `events`.`date` as `event_date`, `users`.`full_name`, `users`.`nip`, `users`.`institution`, `attendances`.`created_at`
FROM `event_attendance`
JOIN `event_registrations` ON `event_registrations`.`id` = `attendances`.`registration_id`
JOIN `users` ON `users`.`id` = `event_registrations`.`user_id`
JOIN `events` ON `events`.`id` = `event_registrations`.`event_id`
ORDER BY `event_attendance`.`attendance_time` DESC', [], false)
 5 SYSTEMPATH\Model.php(286): CodeIgniter\Database\BaseBuilder->get()
 6 SYSTEMPATH\BaseModel.php(675): CodeIgniter\Model->doFindAll(0, 0)
 7 APPPATH\Controllers\Event.php(322): CodeIgniter\BaseModel->findAll()
 8 SYSTEMPATH\CodeIgniter.php(933): App\Controllers\Event->attendanceList()
 9 SYSTEMPATH\CodeIgniter.php(507): CodeIgniter\CodeIgniter->runController(Object(App\Controllers\Event))
10 SYSTEMPATH\CodeIgniter.php(354): CodeIgniter\CodeIgniter->handleRequest(null, Object(Config\Cache), false)
11 SYSTEMPATH\Boot.php(334): CodeIgniter\CodeIgniter->run()
12 SYSTEMPATH\Boot.php(67): CodeIgniter\Boot::runCodeIgniter(Object(CodeIgniter\CodeIgniter))
13 FCPATH\index.php(56): CodeIgniter\Boot::bootWeb(Object(Config\Paths))
14 SYSTEMPATH\rewrite.php(44): require_once('C:\\xampp\\htdocs\\register (1)\\register\\public\\index.php')
DEBUG - 2025-05-07 07:26:43 --> Session: Class initialized using 'CodeIgniter\Session\Handlers\FileHandler' driver.
ERROR - 2025-05-07 07:26:43 --> mysqli_sql_exception: Unknown column 'attendances.created_at' in 'field list' in C:\xampp\htdocs\register (1)\register\system\Database\MySQLi\Connection.php:327
Stack trace:
#0 C:\xampp\htdocs\register (1)\register\system\Database\MySQLi\Connection.php(327): mysqli->query('SELECT `event_a...', 0)
#1 C:\xampp\htdocs\register (1)\register\system\Database\BaseConnection.php(738): CodeIgniter\Database\MySQLi\Connection->execute('SELECT `event_a...')
#2 C:\xampp\htdocs\register (1)\register\system\Database\BaseConnection.php(652): CodeIgniter\Database\BaseConnection->simpleQuery('SELECT `event_a...')
#3 C:\xampp\htdocs\register (1)\register\system\Database\BaseBuilder.php(1649): CodeIgniter\Database\BaseConnection->query('SELECT `event_a...', Array, false)
#4 C:\xampp\htdocs\register (1)\register\system\Model.php(286): CodeIgniter\Database\BaseBuilder->get()
#5 C:\xampp\htdocs\register (1)\register\system\BaseModel.php(675): CodeIgniter\Model->doFindAll(0, 0)
#6 C:\xampp\htdocs\register (1)\register\app\Controllers\Event.php(322): CodeIgniter\BaseModel->findAll()
#7 C:\xampp\htdocs\register (1)\register\system\CodeIgniter.php(933): App\Controllers\Event->attendanceList()
#8 C:\xampp\htdocs\register (1)\register\system\CodeIgniter.php(507): CodeIgniter\CodeIgniter->runController(Object(App\Controllers\Event))
#9 C:\xampp\htdocs\register (1)\register\system\CodeIgniter.php(354): CodeIgniter\CodeIgniter->handleRequest(NULL, Object(Config\Cache), false)
#10 C:\xampp\htdocs\register (1)\register\system\Boot.php(334): CodeIgniter\CodeIgniter->run()
#11 C:\xampp\htdocs\register (1)\register\system\Boot.php(67): CodeIgniter\Boot::runCodeIgniter(Object(CodeIgniter\CodeIgniter))
#12 C:\xampp\htdocs\register (1)\register\public\index.php(56): CodeIgniter\Boot::bootWeb(Object(Config\Paths))
#13 C:\xampp\htdocs\register (1)\register\system\rewrite.php(44): require_once('C:\\xampp\\htdocs...')
#14 {main}
CRITICAL - 2025-05-07 07:26:43 --> CodeIgniter\Database\Exceptions\DatabaseException: Unknown column 'attendances.created_at' in 'field list'
[Method: GET, Route: admin/attendance]
in SYSTEMPATH\Database\BaseConnection.php on line 692.
 1 SYSTEMPATH\Database\BaseBuilder.php(1649): CodeIgniter\Database\BaseConnection->query('SELECT `event_attendance`.`id` as `attendance_id`, `events`.`name` as `event_name`, `events`.`date` as `event_date`, `users`.`full_name`, `users`.`nip`, `users`.`institution`, `attendances`.`created_at`
FROM `event_attendance`
JOIN `event_registrations` ON `event_registrations`.`id` = `attendances`.`registration_id`
JOIN `users` ON `users`.`id` = `event_registrations`.`user_id`
JOIN `events` ON `events`.`id` = `event_registrations`.`event_id`
ORDER BY `event_attendance`.`attendance_time` DESC', [], false)
 2 SYSTEMPATH\Model.php(286): CodeIgniter\Database\BaseBuilder->get()
 3 SYSTEMPATH\BaseModel.php(675): CodeIgniter\Model->doFindAll(0, 0)
 4 APPPATH\Controllers\Event.php(322): CodeIgniter\BaseModel->findAll()
 5 SYSTEMPATH\CodeIgniter.php(933): App\Controllers\Event->attendanceList()
 6 SYSTEMPATH\CodeIgniter.php(507): CodeIgniter\CodeIgniter->runController(Object(App\Controllers\Event))
 7 SYSTEMPATH\CodeIgniter.php(354): CodeIgniter\CodeIgniter->handleRequest(null, Object(Config\Cache), false)
 8 SYSTEMPATH\Boot.php(334): CodeIgniter\CodeIgniter->run()
 9 SYSTEMPATH\Boot.php(67): CodeIgniter\Boot::runCodeIgniter(Object(CodeIgniter\CodeIgniter))
10 FCPATH\index.php(56): CodeIgniter\Boot::bootWeb(Object(Config\Paths))
11 SYSTEMPATH\rewrite.php(44): require_once('C:\\xampp\\htdocs\\register (1)\\register\\public\\index.php')
CRITICAL - 2025-05-07 07:26:43 --> [Caused by] CodeIgniter\Database\Exceptions\DatabaseException: Unknown column 'attendances.created_at' in 'field list'
in SYSTEMPATH\Database\MySQLi\Connection.php on line 332.
 1 SYSTEMPATH\Database\BaseConnection.php(738): CodeIgniter\Database\MySQLi\Connection->execute('SELECT `event_attendance`.`id` as `attendance_id`, `events`.`name` as `event_name`, `events`.`date` as `event_date`, `users`.`full_name`, `users`.`nip`, `users`.`institution`, `attendances`.`created_at`
FROM `event_attendance`
JOIN `event_registrations` ON `event_registrations`.`id` = `attendances`.`registration_id`
JOIN `users` ON `users`.`id` = `event_registrations`.`user_id`
JOIN `events` ON `events`.`id` = `event_registrations`.`event_id`
ORDER BY `event_attendance`.`attendance_time` DESC')
 2 SYSTEMPATH\Database\BaseConnection.php(652): CodeIgniter\Database\BaseConnection->simpleQuery('SELECT `event_attendance`.`id` as `attendance_id`, `events`.`name` as `event_name`, `events`.`date` as `event_date`, `users`.`full_name`, `users`.`nip`, `users`.`institution`, `attendances`.`created_at`
FROM `event_attendance`
JOIN `event_registrations` ON `event_registrations`.`id` = `attendances`.`registration_id`
JOIN `users` ON `users`.`id` = `event_registrations`.`user_id`
JOIN `events` ON `events`.`id` = `event_registrations`.`event_id`
ORDER BY `event_attendance`.`attendance_time` DESC')
 3 SYSTEMPATH\Database\BaseBuilder.php(1649): CodeIgniter\Database\BaseConnection->query('SELECT `event_attendance`.`id` as `attendance_id`, `events`.`name` as `event_name`, `events`.`date` as `event_date`, `users`.`full_name`, `users`.`nip`, `users`.`institution`, `attendances`.`created_at`
FROM `event_attendance`
JOIN `event_registrations` ON `event_registrations`.`id` = `attendances`.`registration_id`
JOIN `users` ON `users`.`id` = `event_registrations`.`user_id`
JOIN `events` ON `events`.`id` = `event_registrations`.`event_id`
ORDER BY `event_attendance`.`attendance_time` DESC', [], false)
 4 SYSTEMPATH\Model.php(286): CodeIgniter\Database\BaseBuilder->get()
 5 SYSTEMPATH\BaseModel.php(675): CodeIgniter\Model->doFindAll(0, 0)
 6 APPPATH\Controllers\Event.php(322): CodeIgniter\BaseModel->findAll()
 7 SYSTEMPATH\CodeIgniter.php(933): App\Controllers\Event->attendanceList()
 8 SYSTEMPATH\CodeIgniter.php(507): CodeIgniter\CodeIgniter->runController(Object(App\Controllers\Event))
 9 SYSTEMPATH\CodeIgniter.php(354): CodeIgniter\CodeIgniter->handleRequest(null, Object(Config\Cache), false)
10 SYSTEMPATH\Boot.php(334): CodeIgniter\CodeIgniter->run()
11 SYSTEMPATH\Boot.php(67): CodeIgniter\Boot::runCodeIgniter(Object(CodeIgniter\CodeIgniter))
12 FCPATH\index.php(56): CodeIgniter\Boot::bootWeb(Object(Config\Paths))
13 SYSTEMPATH\rewrite.php(44): require_once('C:\\xampp\\htdocs\\register (1)\\register\\public\\index.php')
CRITICAL - 2025-05-07 07:26:43 --> [Caused by] mysqli_sql_exception: Unknown column 'attendances.created_at' in 'field list'
in SYSTEMPATH\Database\MySQLi\Connection.php on line 327.
 1 SYSTEMPATH\Database\MySQLi\Connection.php(327): mysqli->query('SELECT `event_attendance`.`id` as `attendance_id`, `events`.`name` as `event_name`, `events`.`date` as `event_date`, `users`.`full_name`, `users`.`nip`, `users`.`institution`, `attendances`.`created_at`
FROM `event_attendance`
JOIN `event_registrations` ON `event_registrations`.`id` = `attendances`.`registration_id`
JOIN `users` ON `users`.`id` = `event_registrations`.`user_id`
JOIN `events` ON `events`.`id` = `event_registrations`.`event_id`
ORDER BY `event_attendance`.`attendance_time` DESC', 0)
 2 SYSTEMPATH\Database\BaseConnection.php(738): CodeIgniter\Database\MySQLi\Connection->execute('SELECT `event_attendance`.`id` as `attendance_id`, `events`.`name` as `event_name`, `events`.`date` as `event_date`, `users`.`full_name`, `users`.`nip`, `users`.`institution`, `attendances`.`created_at`
FROM `event_attendance`
JOIN `event_registrations` ON `event_registrations`.`id` = `attendances`.`registration_id`
JOIN `users` ON `users`.`id` = `event_registrations`.`user_id`
JOIN `events` ON `events`.`id` = `event_registrations`.`event_id`
ORDER BY `event_attendance`.`attendance_time` DESC')
 3 SYSTEMPATH\Database\BaseConnection.php(652): CodeIgniter\Database\BaseConnection->simpleQuery('SELECT `event_attendance`.`id` as `attendance_id`, `events`.`name` as `event_name`, `events`.`date` as `event_date`, `users`.`full_name`, `users`.`nip`, `users`.`institution`, `attendances`.`created_at`
FROM `event_attendance`
JOIN `event_registrations` ON `event_registrations`.`id` = `attendances`.`registration_id`
JOIN `users` ON `users`.`id` = `event_registrations`.`user_id`
JOIN `events` ON `events`.`id` = `event_registrations`.`event_id`
ORDER BY `event_attendance`.`attendance_time` DESC')
 4 SYSTEMPATH\Database\BaseBuilder.php(1649): CodeIgniter\Database\BaseConnection->query('SELECT `event_attendance`.`id` as `attendance_id`, `events`.`name` as `event_name`, `events`.`date` as `event_date`, `users`.`full_name`, `users`.`nip`, `users`.`institution`, `attendances`.`created_at`
FROM `event_attendance`
JOIN `event_registrations` ON `event_registrations`.`id` = `attendances`.`registration_id`
JOIN `users` ON `users`.`id` = `event_registrations`.`user_id`
JOIN `events` ON `events`.`id` = `event_registrations`.`event_id`
ORDER BY `event_attendance`.`attendance_time` DESC', [], false)
 5 SYSTEMPATH\Model.php(286): CodeIgniter\Database\BaseBuilder->get()
 6 SYSTEMPATH\BaseModel.php(675): CodeIgniter\Model->doFindAll(0, 0)
 7 APPPATH\Controllers\Event.php(322): CodeIgniter\BaseModel->findAll()
 8 SYSTEMPATH\CodeIgniter.php(933): App\Controllers\Event->attendanceList()
 9 SYSTEMPATH\CodeIgniter.php(507): CodeIgniter\CodeIgniter->runController(Object(App\Controllers\Event))
10 SYSTEMPATH\CodeIgniter.php(354): CodeIgniter\CodeIgniter->handleRequest(null, Object(Config\Cache), false)
11 SYSTEMPATH\Boot.php(334): CodeIgniter\CodeIgniter->run()
12 SYSTEMPATH\Boot.php(67): CodeIgniter\Boot::runCodeIgniter(Object(CodeIgniter\CodeIgniter))
13 FCPATH\index.php(56): CodeIgniter\Boot::bootWeb(Object(Config\Paths))
14 SYSTEMPATH\rewrite.php(44): require_once('C:\\xampp\\htdocs\\register (1)\\register\\public\\index.php')
DEBUG - 2025-05-07 07:28:34 --> Session: Class initialized using 'CodeIgniter\Session\Handlers\FileHandler' driver.
ERROR - 2025-05-07 07:28:34 --> mysqli_sql_exception: Unknown column 'attendances.registration_id' in 'on clause' in C:\xampp\htdocs\register (1)\register\system\Database\MySQLi\Connection.php:327
Stack trace:
#0 C:\xampp\htdocs\register (1)\register\system\Database\MySQLi\Connection.php(327): mysqli->query('SELECT `event_a...', 0)
#1 C:\xampp\htdocs\register (1)\register\system\Database\BaseConnection.php(738): CodeIgniter\Database\MySQLi\Connection->execute('SELECT `event_a...')
#2 C:\xampp\htdocs\register (1)\register\system\Database\BaseConnection.php(652): CodeIgniter\Database\BaseConnection->simpleQuery('SELECT `event_a...')
#3 C:\xampp\htdocs\register (1)\register\system\Database\BaseBuilder.php(1649): CodeIgniter\Database\BaseConnection->query('SELECT `event_a...', Array, false)
#4 C:\xampp\htdocs\register (1)\register\system\Model.php(286): CodeIgniter\Database\BaseBuilder->get()
#5 C:\xampp\htdocs\register (1)\register\system\BaseModel.php(675): CodeIgniter\Model->doFindAll(0, 0)
#6 C:\xampp\htdocs\register (1)\register\app\Controllers\Event.php(322): CodeIgniter\BaseModel->findAll()
#7 C:\xampp\htdocs\register (1)\register\system\CodeIgniter.php(933): App\Controllers\Event->attendanceList()
#8 C:\xampp\htdocs\register (1)\register\system\CodeIgniter.php(507): CodeIgniter\CodeIgniter->runController(Object(App\Controllers\Event))
#9 C:\xampp\htdocs\register (1)\register\system\CodeIgniter.php(354): CodeIgniter\CodeIgniter->handleRequest(NULL, Object(Config\Cache), false)
#10 C:\xampp\htdocs\register (1)\register\system\Boot.php(334): CodeIgniter\CodeIgniter->run()
#11 C:\xampp\htdocs\register (1)\register\system\Boot.php(67): CodeIgniter\Boot::runCodeIgniter(Object(CodeIgniter\CodeIgniter))
#12 C:\xampp\htdocs\register (1)\register\public\index.php(56): CodeIgniter\Boot::bootWeb(Object(Config\Paths))
#13 C:\xampp\htdocs\register (1)\register\system\rewrite.php(44): require_once('C:\\xampp\\htdocs...')
#14 {main}
CRITICAL - 2025-05-07 07:28:34 --> CodeIgniter\Database\Exceptions\DatabaseException: Unknown column 'attendances.registration_id' in 'on clause'
[Method: GET, Route: admin/attendance]
in SYSTEMPATH\Database\BaseConnection.php on line 692.
 1 SYSTEMPATH\Database\BaseBuilder.php(1649): CodeIgniter\Database\BaseConnection->query('SELECT `event_attendance`.`id` as `attendance_id`, `events`.`name` as `event_name`, `events`.`date` as `event_date`, `users`.`full_name`, `users`.`nip`, `users`.`institution`, `event_attendance`.`attendance_time`
FROM `event_attendance`
JOIN `event_registrations` ON `event_registrations`.`id` = `attendances`.`registration_id`
JOIN `users` ON `users`.`id` = `event_registrations`.`user_id`
JOIN `events` ON `events`.`id` = `event_registrations`.`event_id`
ORDER BY `event_attendance`.`attendance_time` DESC', [], false)
 2 SYSTEMPATH\Model.php(286): CodeIgniter\Database\BaseBuilder->get()
 3 SYSTEMPATH\BaseModel.php(675): CodeIgniter\Model->doFindAll(0, 0)
 4 APPPATH\Controllers\Event.php(322): CodeIgniter\BaseModel->findAll()
 5 SYSTEMPATH\CodeIgniter.php(933): App\Controllers\Event->attendanceList()
 6 SYSTEMPATH\CodeIgniter.php(507): CodeIgniter\CodeIgniter->runController(Object(App\Controllers\Event))
 7 SYSTEMPATH\CodeIgniter.php(354): CodeIgniter\CodeIgniter->handleRequest(null, Object(Config\Cache), false)
 8 SYSTEMPATH\Boot.php(334): CodeIgniter\CodeIgniter->run()
 9 SYSTEMPATH\Boot.php(67): CodeIgniter\Boot::runCodeIgniter(Object(CodeIgniter\CodeIgniter))
10 FCPATH\index.php(56): CodeIgniter\Boot::bootWeb(Object(Config\Paths))
11 SYSTEMPATH\rewrite.php(44): require_once('C:\\xampp\\htdocs\\register (1)\\register\\public\\index.php')
CRITICAL - 2025-05-07 07:28:34 --> [Caused by] CodeIgniter\Database\Exceptions\DatabaseException: Unknown column 'attendances.registration_id' in 'on clause'
in SYSTEMPATH\Database\MySQLi\Connection.php on line 332.
 1 SYSTEMPATH\Database\BaseConnection.php(738): CodeIgniter\Database\MySQLi\Connection->execute('SELECT `event_attendance`.`id` as `attendance_id`, `events`.`name` as `event_name`, `events`.`date` as `event_date`, `users`.`full_name`, `users`.`nip`, `users`.`institution`, `event_attendance`.`attendance_time`
FROM `event_attendance`
JOIN `event_registrations` ON `event_registrations`.`id` = `attendances`.`registration_id`
JOIN `users` ON `users`.`id` = `event_registrations`.`user_id`
JOIN `events` ON `events`.`id` = `event_registrations`.`event_id`
ORDER BY `event_attendance`.`attendance_time` DESC')
 2 SYSTEMPATH\Database\BaseConnection.php(652): CodeIgniter\Database\BaseConnection->simpleQuery('SELECT `event_attendance`.`id` as `attendance_id`, `events`.`name` as `event_name`, `events`.`date` as `event_date`, `users`.`full_name`, `users`.`nip`, `users`.`institution`, `event_attendance`.`attendance_time`
FROM `event_attendance`
JOIN `event_registrations` ON `event_registrations`.`id` = `attendances`.`registration_id`
JOIN `users` ON `users`.`id` = `event_registrations`.`user_id`
JOIN `events` ON `events`.`id` = `event_registrations`.`event_id`
ORDER BY `event_attendance`.`attendance_time` DESC')
 3 SYSTEMPATH\Database\BaseBuilder.php(1649): CodeIgniter\Database\BaseConnection->query('SELECT `event_attendance`.`id` as `attendance_id`, `events`.`name` as `event_name`, `events`.`date` as `event_date`, `users`.`full_name`, `users`.`nip`, `users`.`institution`, `event_attendance`.`attendance_time`
FROM `event_attendance`
JOIN `event_registrations` ON `event_registrations`.`id` = `attendances`.`registration_id`
JOIN `users` ON `users`.`id` = `event_registrations`.`user_id`
JOIN `events` ON `events`.`id` = `event_registrations`.`event_id`
ORDER BY `event_attendance`.`attendance_time` DESC', [], false)
 4 SYSTEMPATH\Model.php(286): CodeIgniter\Database\BaseBuilder->get()
 5 SYSTEMPATH\BaseModel.php(675): CodeIgniter\Model->doFindAll(0, 0)
 6 APPPATH\Controllers\Event.php(322): CodeIgniter\BaseModel->findAll()
 7 SYSTEMPATH\CodeIgniter.php(933): App\Controllers\Event->attendanceList()
 8 SYSTEMPATH\CodeIgniter.php(507): CodeIgniter\CodeIgniter->runController(Object(App\Controllers\Event))
 9 SYSTEMPATH\CodeIgniter.php(354): CodeIgniter\CodeIgniter->handleRequest(null, Object(Config\Cache), false)
10 SYSTEMPATH\Boot.php(334): CodeIgniter\CodeIgniter->run()
11 SYSTEMPATH\Boot.php(67): CodeIgniter\Boot::runCodeIgniter(Object(CodeIgniter\CodeIgniter))
12 FCPATH\index.php(56): CodeIgniter\Boot::bootWeb(Object(Config\Paths))
13 SYSTEMPATH\rewrite.php(44): require_once('C:\\xampp\\htdocs\\register (1)\\register\\public\\index.php')
CRITICAL - 2025-05-07 07:28:34 --> [Caused by] mysqli_sql_exception: Unknown column 'attendances.registration_id' in 'on clause'
in SYSTEMPATH\Database\MySQLi\Connection.php on line 327.
 1 SYSTEMPATH\Database\MySQLi\Connection.php(327): mysqli->query('SELECT `event_attendance`.`id` as `attendance_id`, `events`.`name` as `event_name`, `events`.`date` as `event_date`, `users`.`full_name`, `users`.`nip`, `users`.`institution`, `event_attendance`.`attendance_time`
FROM `event_attendance`
JOIN `event_registrations` ON `event_registrations`.`id` = `attendances`.`registration_id`
JOIN `users` ON `users`.`id` = `event_registrations`.`user_id`
JOIN `events` ON `events`.`id` = `event_registrations`.`event_id`
ORDER BY `event_attendance`.`attendance_time` DESC', 0)
 2 SYSTEMPATH\Database\BaseConnection.php(738): CodeIgniter\Database\MySQLi\Connection->execute('SELECT `event_attendance`.`id` as `attendance_id`, `events`.`name` as `event_name`, `events`.`date` as `event_date`, `users`.`full_name`, `users`.`nip`, `users`.`institution`, `event_attendance`.`attendance_time`
FROM `event_attendance`
JOIN `event_registrations` ON `event_registrations`.`id` = `attendances`.`registration_id`
JOIN `users` ON `users`.`id` = `event_registrations`.`user_id`
JOIN `events` ON `events`.`id` = `event_registrations`.`event_id`
ORDER BY `event_attendance`.`attendance_time` DESC')
 3 SYSTEMPATH\Database\BaseConnection.php(652): CodeIgniter\Database\BaseConnection->simpleQuery('SELECT `event_attendance`.`id` as `attendance_id`, `events`.`name` as `event_name`, `events`.`date` as `event_date`, `users`.`full_name`, `users`.`nip`, `users`.`institution`, `event_attendance`.`attendance_time`
FROM `event_attendance`
JOIN `event_registrations` ON `event_registrations`.`id` = `attendances`.`registration_id`
JOIN `users` ON `users`.`id` = `event_registrations`.`user_id`
JOIN `events` ON `events`.`id` = `event_registrations`.`event_id`
ORDER BY `event_attendance`.`attendance_time` DESC')
 4 SYSTEMPATH\Database\BaseBuilder.php(1649): CodeIgniter\Database\BaseConnection->query('SELECT `event_attendance`.`id` as `attendance_id`, `events`.`name` as `event_name`, `events`.`date` as `event_date`, `users`.`full_name`, `users`.`nip`, `users`.`institution`, `event_attendance`.`attendance_time`
FROM `event_attendance`
JOIN `event_registrations` ON `event_registrations`.`id` = `attendances`.`registration_id`
JOIN `users` ON `users`.`id` = `event_registrations`.`user_id`
JOIN `events` ON `events`.`id` = `event_registrations`.`event_id`
ORDER BY `event_attendance`.`attendance_time` DESC', [], false)
 5 SYSTEMPATH\Model.php(286): CodeIgniter\Database\BaseBuilder->get()
 6 SYSTEMPATH\BaseModel.php(675): CodeIgniter\Model->doFindAll(0, 0)
 7 APPPATH\Controllers\Event.php(322): CodeIgniter\BaseModel->findAll()
 8 SYSTEMPATH\CodeIgniter.php(933): App\Controllers\Event->attendanceList()
 9 SYSTEMPATH\CodeIgniter.php(507): CodeIgniter\CodeIgniter->runController(Object(App\Controllers\Event))
10 SYSTEMPATH\CodeIgniter.php(354): CodeIgniter\CodeIgniter->handleRequest(null, Object(Config\Cache), false)
11 SYSTEMPATH\Boot.php(334): CodeIgniter\CodeIgniter->run()
12 SYSTEMPATH\Boot.php(67): CodeIgniter\Boot::runCodeIgniter(Object(CodeIgniter\CodeIgniter))
13 FCPATH\index.php(56): CodeIgniter\Boot::bootWeb(Object(Config\Paths))
14 SYSTEMPATH\rewrite.php(44): require_once('C:\\xampp\\htdocs\\register (1)\\register\\public\\index.php')
DEBUG - 2025-05-07 07:28:36 --> Session: Class initialized using 'CodeIgniter\Session\Handlers\FileHandler' driver.
ERROR - 2025-05-07 07:28:36 --> mysqli_sql_exception: Unknown column 'attendances.registration_id' in 'on clause' in C:\xampp\htdocs\register (1)\register\system\Database\MySQLi\Connection.php:327
Stack trace:
#0 C:\xampp\htdocs\register (1)\register\system\Database\MySQLi\Connection.php(327): mysqli->query('SELECT `event_a...', 0)
#1 C:\xampp\htdocs\register (1)\register\system\Database\BaseConnection.php(738): CodeIgniter\Database\MySQLi\Connection->execute('SELECT `event_a...')
#2 C:\xampp\htdocs\register (1)\register\system\Database\BaseConnection.php(652): CodeIgniter\Database\BaseConnection->simpleQuery('SELECT `event_a...')
#3 C:\xampp\htdocs\register (1)\register\system\Database\BaseBuilder.php(1649): CodeIgniter\Database\BaseConnection->query('SELECT `event_a...', Array, false)
#4 C:\xampp\htdocs\register (1)\register\system\Model.php(286): CodeIgniter\Database\BaseBuilder->get()
#5 C:\xampp\htdocs\register (1)\register\system\BaseModel.php(675): CodeIgniter\Model->doFindAll(0, 0)
#6 C:\xampp\htdocs\register (1)\register\app\Controllers\Event.php(322): CodeIgniter\BaseModel->findAll()
#7 C:\xampp\htdocs\register (1)\register\system\CodeIgniter.php(933): App\Controllers\Event->attendanceList()
#8 C:\xampp\htdocs\register (1)\register\system\CodeIgniter.php(507): CodeIgniter\CodeIgniter->runController(Object(App\Controllers\Event))
#9 C:\xampp\htdocs\register (1)\register\system\CodeIgniter.php(354): CodeIgniter\CodeIgniter->handleRequest(NULL, Object(Config\Cache), false)
#10 C:\xampp\htdocs\register (1)\register\system\Boot.php(334): CodeIgniter\CodeIgniter->run()
#11 C:\xampp\htdocs\register (1)\register\system\Boot.php(67): CodeIgniter\Boot::runCodeIgniter(Object(CodeIgniter\CodeIgniter))
#12 C:\xampp\htdocs\register (1)\register\public\index.php(56): CodeIgniter\Boot::bootWeb(Object(Config\Paths))
#13 C:\xampp\htdocs\register (1)\register\system\rewrite.php(44): require_once('C:\\xampp\\htdocs...')
#14 {main}
CRITICAL - 2025-05-07 07:28:36 --> CodeIgniter\Database\Exceptions\DatabaseException: Unknown column 'attendances.registration_id' in 'on clause'
[Method: GET, Route: admin/attendance]
in SYSTEMPATH\Database\BaseConnection.php on line 692.
 1 SYSTEMPATH\Database\BaseBuilder.php(1649): CodeIgniter\Database\BaseConnection->query('SELECT `event_attendance`.`id` as `attendance_id`, `events`.`name` as `event_name`, `events`.`date` as `event_date`, `users`.`full_name`, `users`.`nip`, `users`.`institution`, `event_attendance`.`attendance_time`
FROM `event_attendance`
JOIN `event_registrations` ON `event_registrations`.`id` = `attendances`.`registration_id`
JOIN `users` ON `users`.`id` = `event_registrations`.`user_id`
JOIN `events` ON `events`.`id` = `event_registrations`.`event_id`
ORDER BY `event_attendance`.`attendance_time` DESC', [], false)
 2 SYSTEMPATH\Model.php(286): CodeIgniter\Database\BaseBuilder->get()
 3 SYSTEMPATH\BaseModel.php(675): CodeIgniter\Model->doFindAll(0, 0)
 4 APPPATH\Controllers\Event.php(322): CodeIgniter\BaseModel->findAll()
 5 SYSTEMPATH\CodeIgniter.php(933): App\Controllers\Event->attendanceList()
 6 SYSTEMPATH\CodeIgniter.php(507): CodeIgniter\CodeIgniter->runController(Object(App\Controllers\Event))
 7 SYSTEMPATH\CodeIgniter.php(354): CodeIgniter\CodeIgniter->handleRequest(null, Object(Config\Cache), false)
 8 SYSTEMPATH\Boot.php(334): CodeIgniter\CodeIgniter->run()
 9 SYSTEMPATH\Boot.php(67): CodeIgniter\Boot::runCodeIgniter(Object(CodeIgniter\CodeIgniter))
10 FCPATH\index.php(56): CodeIgniter\Boot::bootWeb(Object(Config\Paths))
11 SYSTEMPATH\rewrite.php(44): require_once('C:\\xampp\\htdocs\\register (1)\\register\\public\\index.php')
CRITICAL - 2025-05-07 07:28:36 --> [Caused by] CodeIgniter\Database\Exceptions\DatabaseException: Unknown column 'attendances.registration_id' in 'on clause'
in SYSTEMPATH\Database\MySQLi\Connection.php on line 332.
 1 SYSTEMPATH\Database\BaseConnection.php(738): CodeIgniter\Database\MySQLi\Connection->execute('SELECT `event_attendance`.`id` as `attendance_id`, `events`.`name` as `event_name`, `events`.`date` as `event_date`, `users`.`full_name`, `users`.`nip`, `users`.`institution`, `event_attendance`.`attendance_time`
FROM `event_attendance`
JOIN `event_registrations` ON `event_registrations`.`id` = `attendances`.`registration_id`
JOIN `users` ON `users`.`id` = `event_registrations`.`user_id`
JOIN `events` ON `events`.`id` = `event_registrations`.`event_id`
ORDER BY `event_attendance`.`attendance_time` DESC')
 2 SYSTEMPATH\Database\BaseConnection.php(652): CodeIgniter\Database\BaseConnection->simpleQuery('SELECT `event_attendance`.`id` as `attendance_id`, `events`.`name` as `event_name`, `events`.`date` as `event_date`, `users`.`full_name`, `users`.`nip`, `users`.`institution`, `event_attendance`.`attendance_time`
FROM `event_attendance`
JOIN `event_registrations` ON `event_registrations`.`id` = `attendances`.`registration_id`
JOIN `users` ON `users`.`id` = `event_registrations`.`user_id`
JOIN `events` ON `events`.`id` = `event_registrations`.`event_id`
ORDER BY `event_attendance`.`attendance_time` DESC')
 3 SYSTEMPATH\Database\BaseBuilder.php(1649): CodeIgniter\Database\BaseConnection->query('SELECT `event_attendance`.`id` as `attendance_id`, `events`.`name` as `event_name`, `events`.`date` as `event_date`, `users`.`full_name`, `users`.`nip`, `users`.`institution`, `event_attendance`.`attendance_time`
FROM `event_attendance`
JOIN `event_registrations` ON `event_registrations`.`id` = `attendances`.`registration_id`
JOIN `users` ON `users`.`id` = `event_registrations`.`user_id`
JOIN `events` ON `events`.`id` = `event_registrations`.`event_id`
ORDER BY `event_attendance`.`attendance_time` DESC', [], false)
 4 SYSTEMPATH\Model.php(286): CodeIgniter\Database\BaseBuilder->get()
 5 SYSTEMPATH\BaseModel.php(675): CodeIgniter\Model->doFindAll(0, 0)
 6 APPPATH\Controllers\Event.php(322): CodeIgniter\BaseModel->findAll()
 7 SYSTEMPATH\CodeIgniter.php(933): App\Controllers\Event->attendanceList()
 8 SYSTEMPATH\CodeIgniter.php(507): CodeIgniter\CodeIgniter->runController(Object(App\Controllers\Event))
 9 SYSTEMPATH\CodeIgniter.php(354): CodeIgniter\CodeIgniter->handleRequest(null, Object(Config\Cache), false)
10 SYSTEMPATH\Boot.php(334): CodeIgniter\CodeIgniter->run()
11 SYSTEMPATH\Boot.php(67): CodeIgniter\Boot::runCodeIgniter(Object(CodeIgniter\CodeIgniter))
12 FCPATH\index.php(56): CodeIgniter\Boot::bootWeb(Object(Config\Paths))
13 SYSTEMPATH\rewrite.php(44): require_once('C:\\xampp\\htdocs\\register (1)\\register\\public\\index.php')
CRITICAL - 2025-05-07 07:28:36 --> [Caused by] mysqli_sql_exception: Unknown column 'attendances.registration_id' in 'on clause'
in SYSTEMPATH\Database\MySQLi\Connection.php on line 327.
 1 SYSTEMPATH\Database\MySQLi\Connection.php(327): mysqli->query('SELECT `event_attendance`.`id` as `attendance_id`, `events`.`name` as `event_name`, `events`.`date` as `event_date`, `users`.`full_name`, `users`.`nip`, `users`.`institution`, `event_attendance`.`attendance_time`
FROM `event_attendance`
JOIN `event_registrations` ON `event_registrations`.`id` = `attendances`.`registration_id`
JOIN `users` ON `users`.`id` = `event_registrations`.`user_id`
JOIN `events` ON `events`.`id` = `event_registrations`.`event_id`
ORDER BY `event_attendance`.`attendance_time` DESC', 0)
 2 SYSTEMPATH\Database\BaseConnection.php(738): CodeIgniter\Database\MySQLi\Connection->execute('SELECT `event_attendance`.`id` as `attendance_id`, `events`.`name` as `event_name`, `events`.`date` as `event_date`, `users`.`full_name`, `users`.`nip`, `users`.`institution`, `event_attendance`.`attendance_time`
FROM `event_attendance`
JOIN `event_registrations` ON `event_registrations`.`id` = `attendances`.`registration_id`
JOIN `users` ON `users`.`id` = `event_registrations`.`user_id`
JOIN `events` ON `events`.`id` = `event_registrations`.`event_id`
ORDER BY `event_attendance`.`attendance_time` DESC')
 3 SYSTEMPATH\Database\BaseConnection.php(652): CodeIgniter\Database\BaseConnection->simpleQuery('SELECT `event_attendance`.`id` as `attendance_id`, `events`.`name` as `event_name`, `events`.`date` as `event_date`, `users`.`full_name`, `users`.`nip`, `users`.`institution`, `event_attendance`.`attendance_time`
FROM `event_attendance`
JOIN `event_registrations` ON `event_registrations`.`id` = `attendances`.`registration_id`
JOIN `users` ON `users`.`id` = `event_registrations`.`user_id`
JOIN `events` ON `events`.`id` = `event_registrations`.`event_id`
ORDER BY `event_attendance`.`attendance_time` DESC')
 4 SYSTEMPATH\Database\BaseBuilder.php(1649): CodeIgniter\Database\BaseConnection->query('SELECT `event_attendance`.`id` as `attendance_id`, `events`.`name` as `event_name`, `events`.`date` as `event_date`, `users`.`full_name`, `users`.`nip`, `users`.`institution`, `event_attendance`.`attendance_time`
FROM `event_attendance`
JOIN `event_registrations` ON `event_registrations`.`id` = `attendances`.`registration_id`
JOIN `users` ON `users`.`id` = `event_registrations`.`user_id`
JOIN `events` ON `events`.`id` = `event_registrations`.`event_id`
ORDER BY `event_attendance`.`attendance_time` DESC', [], false)
 5 SYSTEMPATH\Model.php(286): CodeIgniter\Database\BaseBuilder->get()
 6 SYSTEMPATH\BaseModel.php(675): CodeIgniter\Model->doFindAll(0, 0)
 7 APPPATH\Controllers\Event.php(322): CodeIgniter\BaseModel->findAll()
 8 SYSTEMPATH\CodeIgniter.php(933): App\Controllers\Event->attendanceList()
 9 SYSTEMPATH\CodeIgniter.php(507): CodeIgniter\CodeIgniter->runController(Object(App\Controllers\Event))
10 SYSTEMPATH\CodeIgniter.php(354): CodeIgniter\CodeIgniter->handleRequest(null, Object(Config\Cache), false)
11 SYSTEMPATH\Boot.php(334): CodeIgniter\CodeIgniter->run()
12 SYSTEMPATH\Boot.php(67): CodeIgniter\Boot::runCodeIgniter(Object(CodeIgniter\CodeIgniter))
13 FCPATH\index.php(56): CodeIgniter\Boot::bootWeb(Object(Config\Paths))
14 SYSTEMPATH\rewrite.php(44): require_once('C:\\xampp\\htdocs\\register (1)\\register\\public\\index.php')
DEBUG - 2025-05-07 07:30:09 --> Session: Class initialized using 'CodeIgniter\Session\Handlers\FileHandler' driver.
CRITICAL - 2025-05-07 07:30:09 --> CodeIgniter\View\Exceptions\ViewException: Invalid file: "event/attendance_list.php"
[Method: GET, Route: admin/attendance]
in SYSTEMPATH\Exceptions\FrameworkException.php on line 39.
 1 SYSTEMPATH\View\View.php(212): CodeIgniter\Exceptions\FrameworkException::forInvalidFile('event/attendance_list.php')
 2 SYSTEMPATH\Common.php(1173): CodeIgniter\View\View->render('event/attendance_list', [], true)
 3 APPPATH\Controllers\Event.php(325): view('event/attendance_list', [...])
 4 SYSTEMPATH\CodeIgniter.php(933): App\Controllers\Event->attendanceList()
 5 SYSTEMPATH\CodeIgniter.php(507): CodeIgniter\CodeIgniter->runController(Object(App\Controllers\Event))
 6 SYSTEMPATH\CodeIgniter.php(354): CodeIgniter\CodeIgniter->handleRequest(null, Object(Config\Cache), false)
 7 SYSTEMPATH\Boot.php(334): CodeIgniter\CodeIgniter->run()
 8 SYSTEMPATH\Boot.php(67): CodeIgniter\Boot::runCodeIgniter(Object(CodeIgniter\CodeIgniter))
 9 FCPATH\index.php(56): CodeIgniter\Boot::bootWeb(Object(Config\Paths))
10 SYSTEMPATH\rewrite.php(44): require_once('C:\\xampp\\htdocs\\register (1)\\register\\public\\index.php')
DEBUG - 2025-05-07 07:32:54 --> Session: Class initialized using 'CodeIgniter\Session\Handlers\FileHandler' driver.
CRITICAL - 2025-05-07 07:32:54 --> ErrorException: Undefined array key "created_at"
[Method: GET, Route: admin/attendance]
in APPPATH\Views\attendance\attendance_list.php on line 60.
 1 APPPATH\Views\attendance\attendance_list.php(60): CodeIgniter\Debug\Exceptions->errorHandler(2, 'Undefined array key "created_at"', 'C:\\xampp\\htdocs\\register (1)\\register\\app\\Views\\attendance\\attendance_list.php', 60)
 2 SYSTEMPATH\View\View.php(224): include('C:\\xampp\\htdocs\\register (1)\\register\\app\\Views\\attendance\\attendance_list.php')
 3 SYSTEMPATH\View\View.php(227): CodeIgniter\View\View->CodeIgniter\View\{closure}()
 4 SYSTEMPATH\Common.php(1173): CodeIgniter\View\View->render('attendance/attendance_list', [], true)
 5 APPPATH\Controllers\Event.php(325): view('attendance/attendance_list', [...])
 6 SYSTEMPATH\CodeIgniter.php(933): App\Controllers\Event->attendanceList()
 7 SYSTEMPATH\CodeIgniter.php(507): CodeIgniter\CodeIgniter->runController(Object(App\Controllers\Event))
 8 SYSTEMPATH\CodeIgniter.php(354): CodeIgniter\CodeIgniter->handleRequest(null, Object(Config\Cache), false)
 9 SYSTEMPATH\Boot.php(334): CodeIgniter\CodeIgniter->run()
10 SYSTEMPATH\Boot.php(67): CodeIgniter\Boot::runCodeIgniter(Object(CodeIgniter\CodeIgniter))
11 FCPATH\index.php(56): CodeIgniter\Boot::bootWeb(Object(Config\Paths))
12 SYSTEMPATH\rewrite.php(44): require_once('C:\\xampp\\htdocs\\register (1)\\register\\public\\index.php')
DEBUG - 2025-05-07 07:35:13 --> Session: Class initialized using 'CodeIgniter\Session\Handlers\FileHandler' driver.
ERROR - 2025-05-07 07:35:13 --> mysqli_sql_exception: You have an error in your SQL syntax; check the manual that corresponds to your MariaDB server version for the right syntax to use near 'as `created_at` DESC' at line 6 in C:\xampp\htdocs\register (1)\register\system\Database\MySQLi\Connection.php:327
Stack trace:
#0 C:\xampp\htdocs\register (1)\register\system\Database\MySQLi\Connection.php(327): mysqli->query('SELECT `event_a...', 0)
#1 C:\xampp\htdocs\register (1)\register\system\Database\BaseConnection.php(738): CodeIgniter\Database\MySQLi\Connection->execute('SELECT `event_a...')
#2 C:\xampp\htdocs\register (1)\register\system\Database\BaseConnection.php(652): CodeIgniter\Database\BaseConnection->simpleQuery('SELECT `event_a...')
#3 C:\xampp\htdocs\register (1)\register\system\Database\BaseBuilder.php(1649): CodeIgniter\Database\BaseConnection->query('SELECT `event_a...', Array, false)
#4 C:\xampp\htdocs\register (1)\register\system\Model.php(286): CodeIgniter\Database\BaseBuilder->get()
#5 C:\xampp\htdocs\register (1)\register\system\BaseModel.php(675): CodeIgniter\Model->doFindAll(0, 0)
#6 C:\xampp\htdocs\register (1)\register\app\Controllers\Event.php(322): CodeIgniter\BaseModel->findAll()
#7 C:\xampp\htdocs\register (1)\register\system\CodeIgniter.php(933): App\Controllers\Event->attendanceList()
#8 C:\xampp\htdocs\register (1)\register\system\CodeIgniter.php(507): CodeIgniter\CodeIgniter->runController(Object(App\Controllers\Event))
#9 C:\xampp\htdocs\register (1)\register\system\CodeIgniter.php(354): CodeIgniter\CodeIgniter->handleRequest(NULL, Object(Config\Cache), false)
#10 C:\xampp\htdocs\register (1)\register\system\Boot.php(334): CodeIgniter\CodeIgniter->run()
#11 C:\xampp\htdocs\register (1)\register\system\Boot.php(67): CodeIgniter\Boot::runCodeIgniter(Object(CodeIgniter\CodeIgniter))
#12 C:\xampp\htdocs\register (1)\register\public\index.php(56): CodeIgniter\Boot::bootWeb(Object(Config\Paths))
#13 C:\xampp\htdocs\register (1)\register\system\rewrite.php(44): require_once('C:\\xampp\\htdocs...')
#14 {main}
CRITICAL - 2025-05-07 07:35:13 --> CodeIgniter\Database\Exceptions\DatabaseException: You have an error in your SQL syntax; check the manual that corresponds to your MariaDB server version for the right syntax to use near 'as `created_at` DESC' at line 6
[Method: GET, Route: admin/attendance]
in SYSTEMPATH\Database\BaseConnection.php on line 692.
 1 SYSTEMPATH\Database\BaseBuilder.php(1649): CodeIgniter\Database\BaseConnection->query('SELECT `event_attendance`.`id` as `attendance_id`, `events`.`name` as `event_name`, `events`.`date` as `event_date`, `users`.`full_name`, `users`.`nip`, `users`.`institution`, `event_attendance`.`attendance_time`
FROM `event_attendance`
JOIN `event_registrations` ON `event_registrations`.`id` = `event_attendance`.`registration_id`
JOIN `users` ON `users`.`id` = `event_registrations`.`user_id`
JOIN `events` ON `events`.`id` = `event_registrations`.`event_id`
ORDER BY `event_attendance`.`attendance_time` as `created_at` DESC', [], false)
 2 SYSTEMPATH\Model.php(286): CodeIgniter\Database\BaseBuilder->get()
 3 SYSTEMPATH\BaseModel.php(675): CodeIgniter\Model->doFindAll(0, 0)
 4 APPPATH\Controllers\Event.php(322): CodeIgniter\BaseModel->findAll()
 5 SYSTEMPATH\CodeIgniter.php(933): App\Controllers\Event->attendanceList()
 6 SYSTEMPATH\CodeIgniter.php(507): CodeIgniter\CodeIgniter->runController(Object(App\Controllers\Event))
 7 SYSTEMPATH\CodeIgniter.php(354): CodeIgniter\CodeIgniter->handleRequest(null, Object(Config\Cache), false)
 8 SYSTEMPATH\Boot.php(334): CodeIgniter\CodeIgniter->run()
 9 SYSTEMPATH\Boot.php(67): CodeIgniter\Boot::runCodeIgniter(Object(CodeIgniter\CodeIgniter))
10 FCPATH\index.php(56): CodeIgniter\Boot::bootWeb(Object(Config\Paths))
11 SYSTEMPATH\rewrite.php(44): require_once('C:\\xampp\\htdocs\\register (1)\\register\\public\\index.php')
CRITICAL - 2025-05-07 07:35:13 --> [Caused by] CodeIgniter\Database\Exceptions\DatabaseException: You have an error in your SQL syntax; check the manual that corresponds to your MariaDB server version for the right syntax to use near 'as `created_at` DESC' at line 6
in SYSTEMPATH\Database\MySQLi\Connection.php on line 332.
 1 SYSTEMPATH\Database\BaseConnection.php(738): CodeIgniter\Database\MySQLi\Connection->execute('SELECT `event_attendance`.`id` as `attendance_id`, `events`.`name` as `event_name`, `events`.`date` as `event_date`, `users`.`full_name`, `users`.`nip`, `users`.`institution`, `event_attendance`.`attendance_time`
FROM `event_attendance`
JOIN `event_registrations` ON `event_registrations`.`id` = `event_attendance`.`registration_id`
JOIN `users` ON `users`.`id` = `event_registrations`.`user_id`
JOIN `events` ON `events`.`id` = `event_registrations`.`event_id`
ORDER BY `event_attendance`.`attendance_time` as `created_at` DESC')
 2 SYSTEMPATH\Database\BaseConnection.php(652): CodeIgniter\Database\BaseConnection->simpleQuery('SELECT `event_attendance`.`id` as `attendance_id`, `events`.`name` as `event_name`, `events`.`date` as `event_date`, `users`.`full_name`, `users`.`nip`, `users`.`institution`, `event_attendance`.`attendance_time`
FROM `event_attendance`
JOIN `event_registrations` ON `event_registrations`.`id` = `event_attendance`.`registration_id`
JOIN `users` ON `users`.`id` = `event_registrations`.`user_id`
JOIN `events` ON `events`.`id` = `event_registrations`.`event_id`
ORDER BY `event_attendance`.`attendance_time` as `created_at` DESC')
 3 SYSTEMPATH\Database\BaseBuilder.php(1649): CodeIgniter\Database\BaseConnection->query('SELECT `event_attendance`.`id` as `attendance_id`, `events`.`name` as `event_name`, `events`.`date` as `event_date`, `users`.`full_name`, `users`.`nip`, `users`.`institution`, `event_attendance`.`attendance_time`
FROM `event_attendance`
JOIN `event_registrations` ON `event_registrations`.`id` = `event_attendance`.`registration_id`
JOIN `users` ON `users`.`id` = `event_registrations`.`user_id`
JOIN `events` ON `events`.`id` = `event_registrations`.`event_id`
ORDER BY `event_attendance`.`attendance_time` as `created_at` DESC', [], false)
 4 SYSTEMPATH\Model.php(286): CodeIgniter\Database\BaseBuilder->get()
 5 SYSTEMPATH\BaseModel.php(675): CodeIgniter\Model->doFindAll(0, 0)
 6 APPPATH\Controllers\Event.php(322): CodeIgniter\BaseModel->findAll()
 7 SYSTEMPATH\CodeIgniter.php(933): App\Controllers\Event->attendanceList()
 8 SYSTEMPATH\CodeIgniter.php(507): CodeIgniter\CodeIgniter->runController(Object(App\Controllers\Event))
 9 SYSTEMPATH\CodeIgniter.php(354): CodeIgniter\CodeIgniter->handleRequest(null, Object(Config\Cache), false)
10 SYSTEMPATH\Boot.php(334): CodeIgniter\CodeIgniter->run()
11 SYSTEMPATH\Boot.php(67): CodeIgniter\Boot::runCodeIgniter(Object(CodeIgniter\CodeIgniter))
12 FCPATH\index.php(56): CodeIgniter\Boot::bootWeb(Object(Config\Paths))
13 SYSTEMPATH\rewrite.php(44): require_once('C:\\xampp\\htdocs\\register (1)\\register\\public\\index.php')
CRITICAL - 2025-05-07 07:35:13 --> [Caused by] mysqli_sql_exception: You have an error in your SQL syntax; check the manual that corresponds to your MariaDB server version for the right syntax to use near 'as `created_at` DESC' at line 6
in SYSTEMPATH\Database\MySQLi\Connection.php on line 327.
 1 SYSTEMPATH\Database\MySQLi\Connection.php(327): mysqli->query('SELECT `event_attendance`.`id` as `attendance_id`, `events`.`name` as `event_name`, `events`.`date` as `event_date`, `users`.`full_name`, `users`.`nip`, `users`.`institution`, `event_attendance`.`attendance_time`
FROM `event_attendance`
JOIN `event_registrations` ON `event_registrations`.`id` = `event_attendance`.`registration_id`
JOIN `users` ON `users`.`id` = `event_registrations`.`user_id`
JOIN `events` ON `events`.`id` = `event_registrations`.`event_id`
ORDER BY `event_attendance`.`attendance_time` as `created_at` DESC', 0)
 2 SYSTEMPATH\Database\BaseConnection.php(738): CodeIgniter\Database\MySQLi\Connection->execute('SELECT `event_attendance`.`id` as `attendance_id`, `events`.`name` as `event_name`, `events`.`date` as `event_date`, `users`.`full_name`, `users`.`nip`, `users`.`institution`, `event_attendance`.`attendance_time`
FROM `event_attendance`
JOIN `event_registrations` ON `event_registrations`.`id` = `event_attendance`.`registration_id`
JOIN `users` ON `users`.`id` = `event_registrations`.`user_id`
JOIN `events` ON `events`.`id` = `event_registrations`.`event_id`
ORDER BY `event_attendance`.`attendance_time` as `created_at` DESC')
 3 SYSTEMPATH\Database\BaseConnection.php(652): CodeIgniter\Database\BaseConnection->simpleQuery('SELECT `event_attendance`.`id` as `attendance_id`, `events`.`name` as `event_name`, `events`.`date` as `event_date`, `users`.`full_name`, `users`.`nip`, `users`.`institution`, `event_attendance`.`attendance_time`
FROM `event_attendance`
JOIN `event_registrations` ON `event_registrations`.`id` = `event_attendance`.`registration_id`
JOIN `users` ON `users`.`id` = `event_registrations`.`user_id`
JOIN `events` ON `events`.`id` = `event_registrations`.`event_id`
ORDER BY `event_attendance`.`attendance_time` as `created_at` DESC')
 4 SYSTEMPATH\Database\BaseBuilder.php(1649): CodeIgniter\Database\BaseConnection->query('SELECT `event_attendance`.`id` as `attendance_id`, `events`.`name` as `event_name`, `events`.`date` as `event_date`, `users`.`full_name`, `users`.`nip`, `users`.`institution`, `event_attendance`.`attendance_time`
FROM `event_attendance`
JOIN `event_registrations` ON `event_registrations`.`id` = `event_attendance`.`registration_id`
JOIN `users` ON `users`.`id` = `event_registrations`.`user_id`
JOIN `events` ON `events`.`id` = `event_registrations`.`event_id`
ORDER BY `event_attendance`.`attendance_time` as `created_at` DESC', [], false)
 5 SYSTEMPATH\Model.php(286): CodeIgniter\Database\BaseBuilder->get()
 6 SYSTEMPATH\BaseModel.php(675): CodeIgniter\Model->doFindAll(0, 0)
 7 APPPATH\Controllers\Event.php(322): CodeIgniter\BaseModel->findAll()
 8 SYSTEMPATH\CodeIgniter.php(933): App\Controllers\Event->attendanceList()
 9 SYSTEMPATH\CodeIgniter.php(507): CodeIgniter\CodeIgniter->runController(Object(App\Controllers\Event))
10 SYSTEMPATH\CodeIgniter.php(354): CodeIgniter\CodeIgniter->handleRequest(null, Object(Config\Cache), false)
11 SYSTEMPATH\Boot.php(334): CodeIgniter\CodeIgniter->run()
12 SYSTEMPATH\Boot.php(67): CodeIgniter\Boot::runCodeIgniter(Object(CodeIgniter\CodeIgniter))
13 FCPATH\index.php(56): CodeIgniter\Boot::bootWeb(Object(Config\Paths))
14 SYSTEMPATH\rewrite.php(44): require_once('C:\\xampp\\htdocs\\register (1)\\register\\public\\index.php')
DEBUG - 2025-05-07 07:36:24 --> Session: Class initialized using 'CodeIgniter\Session\Handlers\FileHandler' driver.
ERROR - 2025-05-07 07:36:24 --> mysqli_sql_exception: You have an error in your SQL syntax; check the manual that corresponds to your MariaDB server version for the right syntax to use near 'as `created_at` DESC' at line 6 in C:\xampp\htdocs\register (1)\register\system\Database\MySQLi\Connection.php:327
Stack trace:
#0 C:\xampp\htdocs\register (1)\register\system\Database\MySQLi\Connection.php(327): mysqli->query('SELECT `event_a...', 0)
#1 C:\xampp\htdocs\register (1)\register\system\Database\BaseConnection.php(738): CodeIgniter\Database\MySQLi\Connection->execute('SELECT `event_a...')
#2 C:\xampp\htdocs\register (1)\register\system\Database\BaseConnection.php(652): CodeIgniter\Database\BaseConnection->simpleQuery('SELECT `event_a...')
#3 C:\xampp\htdocs\register (1)\register\system\Database\BaseBuilder.php(1649): CodeIgniter\Database\BaseConnection->query('SELECT `event_a...', Array, false)
#4 C:\xampp\htdocs\register (1)\register\system\Model.php(286): CodeIgniter\Database\BaseBuilder->get()
#5 C:\xampp\htdocs\register (1)\register\system\BaseModel.php(675): CodeIgniter\Model->doFindAll(0, 0)
#6 C:\xampp\htdocs\register (1)\register\app\Controllers\Event.php(323): CodeIgniter\BaseModel->findAll()
#7 C:\xampp\htdocs\register (1)\register\system\CodeIgniter.php(933): App\Controllers\Event->attendanceList()
#8 C:\xampp\htdocs\register (1)\register\system\CodeIgniter.php(507): CodeIgniter\CodeIgniter->runController(Object(App\Controllers\Event))
#9 C:\xampp\htdocs\register (1)\register\system\CodeIgniter.php(354): CodeIgniter\CodeIgniter->handleRequest(NULL, Object(Config\Cache), false)
#10 C:\xampp\htdocs\register (1)\register\system\Boot.php(334): CodeIgniter\CodeIgniter->run()
#11 C:\xampp\htdocs\register (1)\register\system\Boot.php(67): CodeIgniter\Boot::runCodeIgniter(Object(CodeIgniter\CodeIgniter))
#12 C:\xampp\htdocs\register (1)\register\public\index.php(56): CodeIgniter\Boot::bootWeb(Object(Config\Paths))
#13 C:\xampp\htdocs\register (1)\register\system\rewrite.php(44): require_once('C:\\xampp\\htdocs...')
#14 {main}
CRITICAL - 2025-05-07 07:36:24 --> CodeIgniter\Database\Exceptions\DatabaseException: You have an error in your SQL syntax; check the manual that corresponds to your MariaDB server version for the right syntax to use near 'as `created_at` DESC' at line 6
[Method: GET, Route: admin/attendance]
in SYSTEMPATH\Database\BaseConnection.php on line 692.
 1 SYSTEMPATH\Database\BaseBuilder.php(1649): CodeIgniter\Database\BaseConnection->query('SELECT `event_attendance`.`id` as `attendance_id`, `events`.`name` as `event_name`, `events`.`date` as `event_date`, `users`.`full_name`, `users`.`nip`, `users`.`institution`, `event_attendance`.`attendance_time`
FROM `event_attendance`
JOIN `event_registrations` ON `event_registrations`.`id` = `event_attendance`.`registration_id`
JOIN `users` ON `users`.`id` = `event_registrations`.`user_id`
JOIN `events` ON `events`.`id` = `event_registrations`.`event_id`
ORDER BY `event_attendance`.`attendance_time` as `created_at` DESC', [], false)
 2 SYSTEMPATH\Model.php(286): CodeIgniter\Database\BaseBuilder->get()
 3 SYSTEMPATH\BaseModel.php(675): CodeIgniter\Model->doFindAll(0, 0)
 4 APPPATH\Controllers\Event.php(323): CodeIgniter\BaseModel->findAll()
 5 SYSTEMPATH\CodeIgniter.php(933): App\Controllers\Event->attendanceList()
 6 SYSTEMPATH\CodeIgniter.php(507): CodeIgniter\CodeIgniter->runController(Object(App\Controllers\Event))
 7 SYSTEMPATH\CodeIgniter.php(354): CodeIgniter\CodeIgniter->handleRequest(null, Object(Config\Cache), false)
 8 SYSTEMPATH\Boot.php(334): CodeIgniter\CodeIgniter->run()
 9 SYSTEMPATH\Boot.php(67): CodeIgniter\Boot::runCodeIgniter(Object(CodeIgniter\CodeIgniter))
10 FCPATH\index.php(56): CodeIgniter\Boot::bootWeb(Object(Config\Paths))
11 SYSTEMPATH\rewrite.php(44): require_once('C:\\xampp\\htdocs\\register (1)\\register\\public\\index.php')
CRITICAL - 2025-05-07 07:36:24 --> [Caused by] CodeIgniter\Database\Exceptions\DatabaseException: You have an error in your SQL syntax; check the manual that corresponds to your MariaDB server version for the right syntax to use near 'as `created_at` DESC' at line 6
in SYSTEMPATH\Database\MySQLi\Connection.php on line 332.
 1 SYSTEMPATH\Database\BaseConnection.php(738): CodeIgniter\Database\MySQLi\Connection->execute('SELECT `event_attendance`.`id` as `attendance_id`, `events`.`name` as `event_name`, `events`.`date` as `event_date`, `users`.`full_name`, `users`.`nip`, `users`.`institution`, `event_attendance`.`attendance_time`
FROM `event_attendance`
JOIN `event_registrations` ON `event_registrations`.`id` = `event_attendance`.`registration_id`
JOIN `users` ON `users`.`id` = `event_registrations`.`user_id`
JOIN `events` ON `events`.`id` = `event_registrations`.`event_id`
ORDER BY `event_attendance`.`attendance_time` as `created_at` DESC')
 2 SYSTEMPATH\Database\BaseConnection.php(652): CodeIgniter\Database\BaseConnection->simpleQuery('SELECT `event_attendance`.`id` as `attendance_id`, `events`.`name` as `event_name`, `events`.`date` as `event_date`, `users`.`full_name`, `users`.`nip`, `users`.`institution`, `event_attendance`.`attendance_time`
FROM `event_attendance`
JOIN `event_registrations` ON `event_registrations`.`id` = `event_attendance`.`registration_id`
JOIN `users` ON `users`.`id` = `event_registrations`.`user_id`
JOIN `events` ON `events`.`id` = `event_registrations`.`event_id`
ORDER BY `event_attendance`.`attendance_time` as `created_at` DESC')
 3 SYSTEMPATH\Database\BaseBuilder.php(1649): CodeIgniter\Database\BaseConnection->query('SELECT `event_attendance`.`id` as `attendance_id`, `events`.`name` as `event_name`, `events`.`date` as `event_date`, `users`.`full_name`, `users`.`nip`, `users`.`institution`, `event_attendance`.`attendance_time`
FROM `event_attendance`
JOIN `event_registrations` ON `event_registrations`.`id` = `event_attendance`.`registration_id`
JOIN `users` ON `users`.`id` = `event_registrations`.`user_id`
JOIN `events` ON `events`.`id` = `event_registrations`.`event_id`
ORDER BY `event_attendance`.`attendance_time` as `created_at` DESC', [], false)
 4 SYSTEMPATH\Model.php(286): CodeIgniter\Database\BaseBuilder->get()
 5 SYSTEMPATH\BaseModel.php(675): CodeIgniter\Model->doFindAll(0, 0)
 6 APPPATH\Controllers\Event.php(323): CodeIgniter\BaseModel->findAll()
 7 SYSTEMPATH\CodeIgniter.php(933): App\Controllers\Event->attendanceList()
 8 SYSTEMPATH\CodeIgniter.php(507): CodeIgniter\CodeIgniter->runController(Object(App\Controllers\Event))
 9 SYSTEMPATH\CodeIgniter.php(354): CodeIgniter\CodeIgniter->handleRequest(null, Object(Config\Cache), false)
10 SYSTEMPATH\Boot.php(334): CodeIgniter\CodeIgniter->run()
11 SYSTEMPATH\Boot.php(67): CodeIgniter\Boot::runCodeIgniter(Object(CodeIgniter\CodeIgniter))
12 FCPATH\index.php(56): CodeIgniter\Boot::bootWeb(Object(Config\Paths))
13 SYSTEMPATH\rewrite.php(44): require_once('C:\\xampp\\htdocs\\register (1)\\register\\public\\index.php')
CRITICAL - 2025-05-07 07:36:24 --> [Caused by] mysqli_sql_exception: You have an error in your SQL syntax; check the manual that corresponds to your MariaDB server version for the right syntax to use near 'as `created_at` DESC' at line 6
in SYSTEMPATH\Database\MySQLi\Connection.php on line 327.
 1 SYSTEMPATH\Database\MySQLi\Connection.php(327): mysqli->query('SELECT `event_attendance`.`id` as `attendance_id`, `events`.`name` as `event_name`, `events`.`date` as `event_date`, `users`.`full_name`, `users`.`nip`, `users`.`institution`, `event_attendance`.`attendance_time`
FROM `event_attendance`
JOIN `event_registrations` ON `event_registrations`.`id` = `event_attendance`.`registration_id`
JOIN `users` ON `users`.`id` = `event_registrations`.`user_id`
JOIN `events` ON `events`.`id` = `event_registrations`.`event_id`
ORDER BY `event_attendance`.`attendance_time` as `created_at` DESC', 0)
 2 SYSTEMPATH\Database\BaseConnection.php(738): CodeIgniter\Database\MySQLi\Connection->execute('SELECT `event_attendance`.`id` as `attendance_id`, `events`.`name` as `event_name`, `events`.`date` as `event_date`, `users`.`full_name`, `users`.`nip`, `users`.`institution`, `event_attendance`.`attendance_time`
FROM `event_attendance`
JOIN `event_registrations` ON `event_registrations`.`id` = `event_attendance`.`registration_id`
JOIN `users` ON `users`.`id` = `event_registrations`.`user_id`
JOIN `events` ON `events`.`id` = `event_registrations`.`event_id`
ORDER BY `event_attendance`.`attendance_time` as `created_at` DESC')
 3 SYSTEMPATH\Database\BaseConnection.php(652): CodeIgniter\Database\BaseConnection->simpleQuery('SELECT `event_attendance`.`id` as `attendance_id`, `events`.`name` as `event_name`, `events`.`date` as `event_date`, `users`.`full_name`, `users`.`nip`, `users`.`institution`, `event_attendance`.`attendance_time`
FROM `event_attendance`
JOIN `event_registrations` ON `event_registrations`.`id` = `event_attendance`.`registration_id`
JOIN `users` ON `users`.`id` = `event_registrations`.`user_id`
JOIN `events` ON `events`.`id` = `event_registrations`.`event_id`
ORDER BY `event_attendance`.`attendance_time` as `created_at` DESC')
 4 SYSTEMPATH\Database\BaseBuilder.php(1649): CodeIgniter\Database\BaseConnection->query('SELECT `event_attendance`.`id` as `attendance_id`, `events`.`name` as `event_name`, `events`.`date` as `event_date`, `users`.`full_name`, `users`.`nip`, `users`.`institution`, `event_attendance`.`attendance_time`
FROM `event_attendance`
JOIN `event_registrations` ON `event_registrations`.`id` = `event_attendance`.`registration_id`
JOIN `users` ON `users`.`id` = `event_registrations`.`user_id`
JOIN `events` ON `events`.`id` = `event_registrations`.`event_id`
ORDER BY `event_attendance`.`attendance_time` as `created_at` DESC', [], false)
 5 SYSTEMPATH\Model.php(286): CodeIgniter\Database\BaseBuilder->get()
 6 SYSTEMPATH\BaseModel.php(675): CodeIgniter\Model->doFindAll(0, 0)
 7 APPPATH\Controllers\Event.php(323): CodeIgniter\BaseModel->findAll()
 8 SYSTEMPATH\CodeIgniter.php(933): App\Controllers\Event->attendanceList()
 9 SYSTEMPATH\CodeIgniter.php(507): CodeIgniter\CodeIgniter->runController(Object(App\Controllers\Event))
10 SYSTEMPATH\CodeIgniter.php(354): CodeIgniter\CodeIgniter->handleRequest(null, Object(Config\Cache), false)
11 SYSTEMPATH\Boot.php(334): CodeIgniter\CodeIgniter->run()
12 SYSTEMPATH\Boot.php(67): CodeIgniter\Boot::runCodeIgniter(Object(CodeIgniter\CodeIgniter))
13 FCPATH\index.php(56): CodeIgniter\Boot::bootWeb(Object(Config\Paths))
14 SYSTEMPATH\rewrite.php(44): require_once('C:\\xampp\\htdocs\\register (1)\\register\\public\\index.php')
DEBUG - 2025-05-07 07:36:25 --> Session: Class initialized using 'CodeIgniter\Session\Handlers\FileHandler' driver.
ERROR - 2025-05-07 07:36:25 --> mysqli_sql_exception: You have an error in your SQL syntax; check the manual that corresponds to your MariaDB server version for the right syntax to use near 'as `created_at` DESC' at line 6 in C:\xampp\htdocs\register (1)\register\system\Database\MySQLi\Connection.php:327
Stack trace:
#0 C:\xampp\htdocs\register (1)\register\system\Database\MySQLi\Connection.php(327): mysqli->query('SELECT `event_a...', 0)
#1 C:\xampp\htdocs\register (1)\register\system\Database\BaseConnection.php(738): CodeIgniter\Database\MySQLi\Connection->execute('SELECT `event_a...')
#2 C:\xampp\htdocs\register (1)\register\system\Database\BaseConnection.php(652): CodeIgniter\Database\BaseConnection->simpleQuery('SELECT `event_a...')
#3 C:\xampp\htdocs\register (1)\register\system\Database\BaseBuilder.php(1649): CodeIgniter\Database\BaseConnection->query('SELECT `event_a...', Array, false)
#4 C:\xampp\htdocs\register (1)\register\system\Model.php(286): CodeIgniter\Database\BaseBuilder->get()
#5 C:\xampp\htdocs\register (1)\register\system\BaseModel.php(675): CodeIgniter\Model->doFindAll(0, 0)
#6 C:\xampp\htdocs\register (1)\register\app\Controllers\Event.php(323): CodeIgniter\BaseModel->findAll()
#7 C:\xampp\htdocs\register (1)\register\system\CodeIgniter.php(933): App\Controllers\Event->attendanceList()
#8 C:\xampp\htdocs\register (1)\register\system\CodeIgniter.php(507): CodeIgniter\CodeIgniter->runController(Object(App\Controllers\Event))
#9 C:\xampp\htdocs\register (1)\register\system\CodeIgniter.php(354): CodeIgniter\CodeIgniter->handleRequest(NULL, Object(Config\Cache), false)
#10 C:\xampp\htdocs\register (1)\register\system\Boot.php(334): CodeIgniter\CodeIgniter->run()
#11 C:\xampp\htdocs\register (1)\register\system\Boot.php(67): CodeIgniter\Boot::runCodeIgniter(Object(CodeIgniter\CodeIgniter))
#12 C:\xampp\htdocs\register (1)\register\public\index.php(56): CodeIgniter\Boot::bootWeb(Object(Config\Paths))
#13 C:\xampp\htdocs\register (1)\register\system\rewrite.php(44): require_once('C:\\xampp\\htdocs...')
#14 {main}
CRITICAL - 2025-05-07 07:36:25 --> CodeIgniter\Database\Exceptions\DatabaseException: You have an error in your SQL syntax; check the manual that corresponds to your MariaDB server version for the right syntax to use near 'as `created_at` DESC' at line 6
[Method: GET, Route: admin/attendance]
in SYSTEMPATH\Database\BaseConnection.php on line 692.
 1 SYSTEMPATH\Database\BaseBuilder.php(1649): CodeIgniter\Database\BaseConnection->query('SELECT `event_attendance`.`id` as `attendance_id`, `events`.`name` as `event_name`, `events`.`date` as `event_date`, `users`.`full_name`, `users`.`nip`, `users`.`institution`, `event_attendance`.`attendance_time`
FROM `event_attendance`
JOIN `event_registrations` ON `event_registrations`.`id` = `event_attendance`.`registration_id`
JOIN `users` ON `users`.`id` = `event_registrations`.`user_id`
JOIN `events` ON `events`.`id` = `event_registrations`.`event_id`
ORDER BY `event_attendance`.`attendance_time` as `created_at` DESC', [], false)
 2 SYSTEMPATH\Model.php(286): CodeIgniter\Database\BaseBuilder->get()
 3 SYSTEMPATH\BaseModel.php(675): CodeIgniter\Model->doFindAll(0, 0)
 4 APPPATH\Controllers\Event.php(323): CodeIgniter\BaseModel->findAll()
 5 SYSTEMPATH\CodeIgniter.php(933): App\Controllers\Event->attendanceList()
 6 SYSTEMPATH\CodeIgniter.php(507): CodeIgniter\CodeIgniter->runController(Object(App\Controllers\Event))
 7 SYSTEMPATH\CodeIgniter.php(354): CodeIgniter\CodeIgniter->handleRequest(null, Object(Config\Cache), false)
 8 SYSTEMPATH\Boot.php(334): CodeIgniter\CodeIgniter->run()
 9 SYSTEMPATH\Boot.php(67): CodeIgniter\Boot::runCodeIgniter(Object(CodeIgniter\CodeIgniter))
10 FCPATH\index.php(56): CodeIgniter\Boot::bootWeb(Object(Config\Paths))
11 SYSTEMPATH\rewrite.php(44): require_once('C:\\xampp\\htdocs\\register (1)\\register\\public\\index.php')
CRITICAL - 2025-05-07 07:36:25 --> [Caused by] CodeIgniter\Database\Exceptions\DatabaseException: You have an error in your SQL syntax; check the manual that corresponds to your MariaDB server version for the right syntax to use near 'as `created_at` DESC' at line 6
in SYSTEMPATH\Database\MySQLi\Connection.php on line 332.
 1 SYSTEMPATH\Database\BaseConnection.php(738): CodeIgniter\Database\MySQLi\Connection->execute('SELECT `event_attendance`.`id` as `attendance_id`, `events`.`name` as `event_name`, `events`.`date` as `event_date`, `users`.`full_name`, `users`.`nip`, `users`.`institution`, `event_attendance`.`attendance_time`
FROM `event_attendance`
JOIN `event_registrations` ON `event_registrations`.`id` = `event_attendance`.`registration_id`
JOIN `users` ON `users`.`id` = `event_registrations`.`user_id`
JOIN `events` ON `events`.`id` = `event_registrations`.`event_id`
ORDER BY `event_attendance`.`attendance_time` as `created_at` DESC')
 2 SYSTEMPATH\Database\BaseConnection.php(652): CodeIgniter\Database\BaseConnection->simpleQuery('SELECT `event_attendance`.`id` as `attendance_id`, `events`.`name` as `event_name`, `events`.`date` as `event_date`, `users`.`full_name`, `users`.`nip`, `users`.`institution`, `event_attendance`.`attendance_time`
FROM `event_attendance`
JOIN `event_registrations` ON `event_registrations`.`id` = `event_attendance`.`registration_id`
JOIN `users` ON `users`.`id` = `event_registrations`.`user_id`
JOIN `events` ON `events`.`id` = `event_registrations`.`event_id`
ORDER BY `event_attendance`.`attendance_time` as `created_at` DESC')
 3 SYSTEMPATH\Database\BaseBuilder.php(1649): CodeIgniter\Database\BaseConnection->query('SELECT `event_attendance`.`id` as `attendance_id`, `events`.`name` as `event_name`, `events`.`date` as `event_date`, `users`.`full_name`, `users`.`nip`, `users`.`institution`, `event_attendance`.`attendance_time`
FROM `event_attendance`
JOIN `event_registrations` ON `event_registrations`.`id` = `event_attendance`.`registration_id`
JOIN `users` ON `users`.`id` = `event_registrations`.`user_id`
JOIN `events` ON `events`.`id` = `event_registrations`.`event_id`
ORDER BY `event_attendance`.`attendance_time` as `created_at` DESC', [], false)
 4 SYSTEMPATH\Model.php(286): CodeIgniter\Database\BaseBuilder->get()
 5 SYSTEMPATH\BaseModel.php(675): CodeIgniter\Model->doFindAll(0, 0)
 6 APPPATH\Controllers\Event.php(323): CodeIgniter\BaseModel->findAll()
 7 SYSTEMPATH\CodeIgniter.php(933): App\Controllers\Event->attendanceList()
 8 SYSTEMPATH\CodeIgniter.php(507): CodeIgniter\CodeIgniter->runController(Object(App\Controllers\Event))
 9 SYSTEMPATH\CodeIgniter.php(354): CodeIgniter\CodeIgniter->handleRequest(null, Object(Config\Cache), false)
10 SYSTEMPATH\Boot.php(334): CodeIgniter\CodeIgniter->run()
11 SYSTEMPATH\Boot.php(67): CodeIgniter\Boot::runCodeIgniter(Object(CodeIgniter\CodeIgniter))
12 FCPATH\index.php(56): CodeIgniter\Boot::bootWeb(Object(Config\Paths))
13 SYSTEMPATH\rewrite.php(44): require_once('C:\\xampp\\htdocs\\register (1)\\register\\public\\index.php')
CRITICAL - 2025-05-07 07:36:25 --> [Caused by] mysqli_sql_exception: You have an error in your SQL syntax; check the manual that corresponds to your MariaDB server version for the right syntax to use near 'as `created_at` DESC' at line 6
in SYSTEMPATH\Database\MySQLi\Connection.php on line 327.
 1 SYSTEMPATH\Database\MySQLi\Connection.php(327): mysqli->query('SELECT `event_attendance`.`id` as `attendance_id`, `events`.`name` as `event_name`, `events`.`date` as `event_date`, `users`.`full_name`, `users`.`nip`, `users`.`institution`, `event_attendance`.`attendance_time`
FROM `event_attendance`
JOIN `event_registrations` ON `event_registrations`.`id` = `event_attendance`.`registration_id`
JOIN `users` ON `users`.`id` = `event_registrations`.`user_id`
JOIN `events` ON `events`.`id` = `event_registrations`.`event_id`
ORDER BY `event_attendance`.`attendance_time` as `created_at` DESC', 0)
 2 SYSTEMPATH\Database\BaseConnection.php(738): CodeIgniter\Database\MySQLi\Connection->execute('SELECT `event_attendance`.`id` as `attendance_id`, `events`.`name` as `event_name`, `events`.`date` as `event_date`, `users`.`full_name`, `users`.`nip`, `users`.`institution`, `event_attendance`.`attendance_time`
FROM `event_attendance`
JOIN `event_registrations` ON `event_registrations`.`id` = `event_attendance`.`registration_id`
JOIN `users` ON `users`.`id` = `event_registrations`.`user_id`
JOIN `events` ON `events`.`id` = `event_registrations`.`event_id`
ORDER BY `event_attendance`.`attendance_time` as `created_at` DESC')
 3 SYSTEMPATH\Database\BaseConnection.php(652): CodeIgniter\Database\BaseConnection->simpleQuery('SELECT `event_attendance`.`id` as `attendance_id`, `events`.`name` as `event_name`, `events`.`date` as `event_date`, `users`.`full_name`, `users`.`nip`, `users`.`institution`, `event_attendance`.`attendance_time`
FROM `event_attendance`
JOIN `event_registrations` ON `event_registrations`.`id` = `event_attendance`.`registration_id`
JOIN `users` ON `users`.`id` = `event_registrations`.`user_id`
JOIN `events` ON `events`.`id` = `event_registrations`.`event_id`
ORDER BY `event_attendance`.`attendance_time` as `created_at` DESC')
 4 SYSTEMPATH\Database\BaseBuilder.php(1649): CodeIgniter\Database\BaseConnection->query('SELECT `event_attendance`.`id` as `attendance_id`, `events`.`name` as `event_name`, `events`.`date` as `event_date`, `users`.`full_name`, `users`.`nip`, `users`.`institution`, `event_attendance`.`attendance_time`
FROM `event_attendance`
JOIN `event_registrations` ON `event_registrations`.`id` = `event_attendance`.`registration_id`
JOIN `users` ON `users`.`id` = `event_registrations`.`user_id`
JOIN `events` ON `events`.`id` = `event_registrations`.`event_id`
ORDER BY `event_attendance`.`attendance_time` as `created_at` DESC', [], false)
 5 SYSTEMPATH\Model.php(286): CodeIgniter\Database\BaseBuilder->get()
 6 SYSTEMPATH\BaseModel.php(675): CodeIgniter\Model->doFindAll(0, 0)
 7 APPPATH\Controllers\Event.php(323): CodeIgniter\BaseModel->findAll()
 8 SYSTEMPATH\CodeIgniter.php(933): App\Controllers\Event->attendanceList()
 9 SYSTEMPATH\CodeIgniter.php(507): CodeIgniter\CodeIgniter->runController(Object(App\Controllers\Event))
10 SYSTEMPATH\CodeIgniter.php(354): CodeIgniter\CodeIgniter->handleRequest(null, Object(Config\Cache), false)
11 SYSTEMPATH\Boot.php(334): CodeIgniter\CodeIgniter->run()
12 SYSTEMPATH\Boot.php(67): CodeIgniter\Boot::runCodeIgniter(Object(CodeIgniter\CodeIgniter))
13 FCPATH\index.php(56): CodeIgniter\Boot::bootWeb(Object(Config\Paths))
14 SYSTEMPATH\rewrite.php(44): require_once('C:\\xampp\\htdocs\\register (1)\\register\\public\\index.php')
DEBUG - 2025-05-07 07:36:26 --> Session: Class initialized using 'CodeIgniter\Session\Handlers\FileHandler' driver.
ERROR - 2025-05-07 07:36:26 --> mysqli_sql_exception: You have an error in your SQL syntax; check the manual that corresponds to your MariaDB server version for the right syntax to use near 'as `created_at` DESC' at line 6 in C:\xampp\htdocs\register (1)\register\system\Database\MySQLi\Connection.php:327
Stack trace:
#0 C:\xampp\htdocs\register (1)\register\system\Database\MySQLi\Connection.php(327): mysqli->query('SELECT `event_a...', 0)
#1 C:\xampp\htdocs\register (1)\register\system\Database\BaseConnection.php(738): CodeIgniter\Database\MySQLi\Connection->execute('SELECT `event_a...')
#2 C:\xampp\htdocs\register (1)\register\system\Database\BaseConnection.php(652): CodeIgniter\Database\BaseConnection->simpleQuery('SELECT `event_a...')
#3 C:\xampp\htdocs\register (1)\register\system\Database\BaseBuilder.php(1649): CodeIgniter\Database\BaseConnection->query('SELECT `event_a...', Array, false)
#4 C:\xampp\htdocs\register (1)\register\system\Model.php(286): CodeIgniter\Database\BaseBuilder->get()
#5 C:\xampp\htdocs\register (1)\register\system\BaseModel.php(675): CodeIgniter\Model->doFindAll(0, 0)
#6 C:\xampp\htdocs\register (1)\register\app\Controllers\Event.php(323): CodeIgniter\BaseModel->findAll()
#7 C:\xampp\htdocs\register (1)\register\system\CodeIgniter.php(933): App\Controllers\Event->attendanceList()
#8 C:\xampp\htdocs\register (1)\register\system\CodeIgniter.php(507): CodeIgniter\CodeIgniter->runController(Object(App\Controllers\Event))
#9 C:\xampp\htdocs\register (1)\register\system\CodeIgniter.php(354): CodeIgniter\CodeIgniter->handleRequest(NULL, Object(Config\Cache), false)
#10 C:\xampp\htdocs\register (1)\register\system\Boot.php(334): CodeIgniter\CodeIgniter->run()
#11 C:\xampp\htdocs\register (1)\register\system\Boot.php(67): CodeIgniter\Boot::runCodeIgniter(Object(CodeIgniter\CodeIgniter))
#12 C:\xampp\htdocs\register (1)\register\public\index.php(56): CodeIgniter\Boot::bootWeb(Object(Config\Paths))
#13 C:\xampp\htdocs\register (1)\register\system\rewrite.php(44): require_once('C:\\xampp\\htdocs...')
#14 {main}
CRITICAL - 2025-05-07 07:36:26 --> CodeIgniter\Database\Exceptions\DatabaseException: You have an error in your SQL syntax; check the manual that corresponds to your MariaDB server version for the right syntax to use near 'as `created_at` DESC' at line 6
[Method: GET, Route: admin/attendance]
in SYSTEMPATH\Database\BaseConnection.php on line 692.
 1 SYSTEMPATH\Database\BaseBuilder.php(1649): CodeIgniter\Database\BaseConnection->query('SELECT `event_attendance`.`id` as `attendance_id`, `events`.`name` as `event_name`, `events`.`date` as `event_date`, `users`.`full_name`, `users`.`nip`, `users`.`institution`, `event_attendance`.`attendance_time`
FROM `event_attendance`
JOIN `event_registrations` ON `event_registrations`.`id` = `event_attendance`.`registration_id`
JOIN `users` ON `users`.`id` = `event_registrations`.`user_id`
JOIN `events` ON `events`.`id` = `event_registrations`.`event_id`
ORDER BY `event_attendance`.`attendance_time` as `created_at` DESC', [], false)
 2 SYSTEMPATH\Model.php(286): CodeIgniter\Database\BaseBuilder->get()
 3 SYSTEMPATH\BaseModel.php(675): CodeIgniter\Model->doFindAll(0, 0)
 4 APPPATH\Controllers\Event.php(323): CodeIgniter\BaseModel->findAll()
 5 SYSTEMPATH\CodeIgniter.php(933): App\Controllers\Event->attendanceList()
 6 SYSTEMPATH\CodeIgniter.php(507): CodeIgniter\CodeIgniter->runController(Object(App\Controllers\Event))
 7 SYSTEMPATH\CodeIgniter.php(354): CodeIgniter\CodeIgniter->handleRequest(null, Object(Config\Cache), false)
 8 SYSTEMPATH\Boot.php(334): CodeIgniter\CodeIgniter->run()
 9 SYSTEMPATH\Boot.php(67): CodeIgniter\Boot::runCodeIgniter(Object(CodeIgniter\CodeIgniter))
10 FCPATH\index.php(56): CodeIgniter\Boot::bootWeb(Object(Config\Paths))
11 SYSTEMPATH\rewrite.php(44): require_once('C:\\xampp\\htdocs\\register (1)\\register\\public\\index.php')
CRITICAL - 2025-05-07 07:36:26 --> [Caused by] CodeIgniter\Database\Exceptions\DatabaseException: You have an error in your SQL syntax; check the manual that corresponds to your MariaDB server version for the right syntax to use near 'as `created_at` DESC' at line 6
in SYSTEMPATH\Database\MySQLi\Connection.php on line 332.
 1 SYSTEMPATH\Database\BaseConnection.php(738): CodeIgniter\Database\MySQLi\Connection->execute('SELECT `event_attendance`.`id` as `attendance_id`, `events`.`name` as `event_name`, `events`.`date` as `event_date`, `users`.`full_name`, `users`.`nip`, `users`.`institution`, `event_attendance`.`attendance_time`
FROM `event_attendance`
JOIN `event_registrations` ON `event_registrations`.`id` = `event_attendance`.`registration_id`
JOIN `users` ON `users`.`id` = `event_registrations`.`user_id`
JOIN `events` ON `events`.`id` = `event_registrations`.`event_id`
ORDER BY `event_attendance`.`attendance_time` as `created_at` DESC')
 2 SYSTEMPATH\Database\BaseConnection.php(652): CodeIgniter\Database\BaseConnection->simpleQuery('SELECT `event_attendance`.`id` as `attendance_id`, `events`.`name` as `event_name`, `events`.`date` as `event_date`, `users`.`full_name`, `users`.`nip`, `users`.`institution`, `event_attendance`.`attendance_time`
FROM `event_attendance`
JOIN `event_registrations` ON `event_registrations`.`id` = `event_attendance`.`registration_id`
JOIN `users` ON `users`.`id` = `event_registrations`.`user_id`
JOIN `events` ON `events`.`id` = `event_registrations`.`event_id`
ORDER BY `event_attendance`.`attendance_time` as `created_at` DESC')
 3 SYSTEMPATH\Database\BaseBuilder.php(1649): CodeIgniter\Database\BaseConnection->query('SELECT `event_attendance`.`id` as `attendance_id`, `events`.`name` as `event_name`, `events`.`date` as `event_date`, `users`.`full_name`, `users`.`nip`, `users`.`institution`, `event_attendance`.`attendance_time`
FROM `event_attendance`
JOIN `event_registrations` ON `event_registrations`.`id` = `event_attendance`.`registration_id`
JOIN `users` ON `users`.`id` = `event_registrations`.`user_id`
JOIN `events` ON `events`.`id` = `event_registrations`.`event_id`
ORDER BY `event_attendance`.`attendance_time` as `created_at` DESC', [], false)
 4 SYSTEMPATH\Model.php(286): CodeIgniter\Database\BaseBuilder->get()
 5 SYSTEMPATH\BaseModel.php(675): CodeIgniter\Model->doFindAll(0, 0)
 6 APPPATH\Controllers\Event.php(323): CodeIgniter\BaseModel->findAll()
 7 SYSTEMPATH\CodeIgniter.php(933): App\Controllers\Event->attendanceList()
 8 SYSTEMPATH\CodeIgniter.php(507): CodeIgniter\CodeIgniter->runController(Object(App\Controllers\Event))
 9 SYSTEMPATH\CodeIgniter.php(354): CodeIgniter\CodeIgniter->handleRequest(null, Object(Config\Cache), false)
10 SYSTEMPATH\Boot.php(334): CodeIgniter\CodeIgniter->run()
11 SYSTEMPATH\Boot.php(67): CodeIgniter\Boot::runCodeIgniter(Object(CodeIgniter\CodeIgniter))
12 FCPATH\index.php(56): CodeIgniter\Boot::bootWeb(Object(Config\Paths))
13 SYSTEMPATH\rewrite.php(44): require_once('C:\\xampp\\htdocs\\register (1)\\register\\public\\index.php')
CRITICAL - 2025-05-07 07:36:26 --> [Caused by] mysqli_sql_exception: You have an error in your SQL syntax; check the manual that corresponds to your MariaDB server version for the right syntax to use near 'as `created_at` DESC' at line 6
in SYSTEMPATH\Database\MySQLi\Connection.php on line 327.
 1 SYSTEMPATH\Database\MySQLi\Connection.php(327): mysqli->query('SELECT `event_attendance`.`id` as `attendance_id`, `events`.`name` as `event_name`, `events`.`date` as `event_date`, `users`.`full_name`, `users`.`nip`, `users`.`institution`, `event_attendance`.`attendance_time`
FROM `event_attendance`
JOIN `event_registrations` ON `event_registrations`.`id` = `event_attendance`.`registration_id`
JOIN `users` ON `users`.`id` = `event_registrations`.`user_id`
JOIN `events` ON `events`.`id` = `event_registrations`.`event_id`
ORDER BY `event_attendance`.`attendance_time` as `created_at` DESC', 0)
 2 SYSTEMPATH\Database\BaseConnection.php(738): CodeIgniter\Database\MySQLi\Connection->execute('SELECT `event_attendance`.`id` as `attendance_id`, `events`.`name` as `event_name`, `events`.`date` as `event_date`, `users`.`full_name`, `users`.`nip`, `users`.`institution`, `event_attendance`.`attendance_time`
FROM `event_attendance`
JOIN `event_registrations` ON `event_registrations`.`id` = `event_attendance`.`registration_id`
JOIN `users` ON `users`.`id` = `event_registrations`.`user_id`
JOIN `events` ON `events`.`id` = `event_registrations`.`event_id`
ORDER BY `event_attendance`.`attendance_time` as `created_at` DESC')
 3 SYSTEMPATH\Database\BaseConnection.php(652): CodeIgniter\Database\BaseConnection->simpleQuery('SELECT `event_attendance`.`id` as `attendance_id`, `events`.`name` as `event_name`, `events`.`date` as `event_date`, `users`.`full_name`, `users`.`nip`, `users`.`institution`, `event_attendance`.`attendance_time`
FROM `event_attendance`
JOIN `event_registrations` ON `event_registrations`.`id` = `event_attendance`.`registration_id`
JOIN `users` ON `users`.`id` = `event_registrations`.`user_id`
JOIN `events` ON `events`.`id` = `event_registrations`.`event_id`
ORDER BY `event_attendance`.`attendance_time` as `created_at` DESC')
 4 SYSTEMPATH\Database\BaseBuilder.php(1649): CodeIgniter\Database\BaseConnection->query('SELECT `event_attendance`.`id` as `attendance_id`, `events`.`name` as `event_name`, `events`.`date` as `event_date`, `users`.`full_name`, `users`.`nip`, `users`.`institution`, `event_attendance`.`attendance_time`
FROM `event_attendance`
JOIN `event_registrations` ON `event_registrations`.`id` = `event_attendance`.`registration_id`
JOIN `users` ON `users`.`id` = `event_registrations`.`user_id`
JOIN `events` ON `events`.`id` = `event_registrations`.`event_id`
ORDER BY `event_attendance`.`attendance_time` as `created_at` DESC', [], false)
 5 SYSTEMPATH\Model.php(286): CodeIgniter\Database\BaseBuilder->get()
 6 SYSTEMPATH\BaseModel.php(675): CodeIgniter\Model->doFindAll(0, 0)
 7 APPPATH\Controllers\Event.php(323): CodeIgniter\BaseModel->findAll()
 8 SYSTEMPATH\CodeIgniter.php(933): App\Controllers\Event->attendanceList()
 9 SYSTEMPATH\CodeIgniter.php(507): CodeIgniter\CodeIgniter->runController(Object(App\Controllers\Event))
10 SYSTEMPATH\CodeIgniter.php(354): CodeIgniter\CodeIgniter->handleRequest(null, Object(Config\Cache), false)
11 SYSTEMPATH\Boot.php(334): CodeIgniter\CodeIgniter->run()
12 SYSTEMPATH\Boot.php(67): CodeIgniter\Boot::runCodeIgniter(Object(CodeIgniter\CodeIgniter))
13 FCPATH\index.php(56): CodeIgniter\Boot::bootWeb(Object(Config\Paths))
14 SYSTEMPATH\rewrite.php(44): require_once('C:\\xampp\\htdocs\\register (1)\\register\\public\\index.php')
DEBUG - 2025-05-07 07:37:33 --> Session: Class initialized using 'CodeIgniter\Session\Handlers\FileHandler' driver.
DEBUG - 2025-05-07 07:37:46 --> Session: Class initialized using 'CodeIgniter\Session\Handlers\FileHandler' driver.
DEBUG - 2025-05-07 07:37:48 --> Session: Class initialized using 'CodeIgniter\Session\Handlers\FileHandler' driver.
DEBUG - 2025-05-07 07:37:54 --> Session: Class initialized using 'CodeIgniter\Session\Handlers\FileHandler' driver.
DEBUG - 2025-05-07 07:37:59 --> Session: Class initialized using 'CodeIgniter\Session\Handlers\FileHandler' driver.
DEBUG - 2025-05-07 07:38:06 --> Session: Class initialized using 'CodeIgniter\Session\Handlers\FileHandler' driver.
DEBUG - 2025-05-07 07:38:07 --> Session: Class initialized using 'CodeIgniter\Session\Handlers\FileHandler' driver.
DEBUG - 2025-05-07 07:38:09 --> Session: Class initialized using 'CodeIgniter\Session\Handlers\FileHandler' driver.
DEBUG - 2025-05-07 07:38:11 --> Session: Class initialized using 'CodeIgniter\Session\Handlers\FileHandler' driver.
DEBUG - 2025-05-07 07:38:13 --> Session: Class initialized using 'CodeIgniter\Session\Handlers\FileHandler' driver.
DEBUG - 2025-05-07 07:43:03 --> Session: Class initialized using 'CodeIgniter\Session\Handlers\FileHandler' driver.
DEBUG - 2025-05-07 07:43:05 --> Session: Class initialized using 'CodeIgniter\Session\Handlers\FileHandler' driver.
DEBUG - 2025-05-07 07:43:10 --> Session: Class initialized using 'CodeIgniter\Session\Handlers\FileHandler' driver.
DEBUG - 2025-05-07 07:43:11 --> Session: Class initialized using 'CodeIgniter\Session\Handlers\FileHandler' driver.
DEBUG - 2025-05-07 07:43:21 --> Session: Class initialized using 'CodeIgniter\Session\Handlers\FileHandler' driver.
DEBUG - 2025-05-07 07:43:27 --> Session: Class initialized using 'CodeIgniter\Session\Handlers\FileHandler' driver.
DEBUG - 2025-05-07 07:43:29 --> Session: Class initialized using 'CodeIgniter\Session\Handlers\FileHandler' driver.
